event_id,domain,semantic_type,source_id,current_url,previous_url,retrieval_status,current_score,previous_score,current_windows,previous_windows,window_sha256,query_mode,query_fields,errors,fallback_used,candidate_used,oracle_used,formal_policy_used,note_used,curation_window_repair
EXT_E001,insurance,TEMPORAL_VERSION,NAT_INS_BEIJING_2026_TERMS,https://nyncj.beijing.gov.cn/nyj/zwgk/zcgk/zcwj3149/744058179/2026070319534651291.pdf,https://nyncj.beijing.gov.cn/nyj/zwgk/zcgk/zcwj3149/743621601/2025051417472999136.pdf,RETRIEVAL_READY,0.1057,0.0808,51,51,e318155b01d05d68ea46e13b00341366c44a0c29c74a4c1bfe2833605b7b58c7,full,title|case_context|subject_label|predicate_label|domain|semantic_type,,False,False,False,False,False,
EXT_E002,insurance,CROSS_SENTENCE_SCOPE,NAT_INS_BEIJING_2026_TERMS,https://nyncj.beijing.gov.cn/nyj/zwgk/zcgk/zcwj3149/744058179/2026070319534651291.pdf,https://nyncj.beijing.gov.cn/nyj/zwgk/zcgk/zcwj3149/743621601/2025051417472999136.pdf,RETRIEVAL_READY,0.096,0.0752,53,50,b8d13ae8a923996ba2b4086a03b5745345fa580a96e86d6e7a8d1f14c6e3f8f5,full,title|case_context|subject_label|predicate_label|domain|semantic_type,,False,False,False,False,False,
EXT_E003,insurance,GENERAL_RULE_EXCEPTION,NAT_INS_BEIJING_2026_TERMS,https://nyncj.beijing.gov.cn/nyj/zwgk/zcgk/zcwj3149/744058179/2026070319534651291.pdf,https://nyncj.beijing.gov.cn/nyj/zwgk/zcgk/zcwj3149/743621601/2025051417472999136.pdf,RETRIEVAL_READY,0.2,0.2,53,52,0b7773d316bfdf09cc81d9add0a5f1785213622d4d8dfaa32243a6303335aa08,full,title|case_context|subject_label|predicate_label|domain|semantic_type,,False,False,False,False,False,
EXT_E004,web_accessibility,TEMPORAL_VERSION,NAT_WCAG_TR_22,https://www.w3.org/TR/WCAG22/,https://www.w3.org/TR/WCAG21/,RETRIEVAL_READY,0.523,0.4056,50,50,c881fea33f8451a8393250fb7ff3ce1ae99af697ec49173ba2ddcfa57a494a71,full,title|case_context|subject_label|predicate_label|domain|semantic_type,,False,False,False,False,False,
EXT_E005,web_accessibility,TEMPORAL_VERSION,NAT_WCAG_TR_22,https://www.w3.org/TR/WCAG22/,https://www.w3.org/TR/WCAG21/,RETRIEVAL_READY,0.523,0.4056,49,49,5cb12642bfa1f24bdfdd69fb12dd64fdf689c0c0d6a6869d3ad721db173a7351,full,title|case_context|subject_label|predicate_label|domain|semantic_type,,False,False,False,False,False,
EXT_E006,web_accessibility,TEMPORAL_VERSION,NAT_WCAG_MOBILE_22,https://www.w3.org/TR/wcag2mobile-22/,https://www.w3.org/WAI/standards-guidelines/mobile/,RETRIEVAL_READY,0.4256,0.2951,55,40,8b52114372d39033401fb63f4d14f86e20f754ce794724372b8b0c231a4b0970,full,title|case_context|subject_label|predicate_label|domain|semantic_type,,False,False,False,False,False,
EXT_E007,web_accessibility,TEMPORAL_VERSION,NAT_WCAG_TR_22,https://www.w3.org/TR/WCAG22/,https://www.w3.org/TR/WCAG21/,RETRIEVAL_READY,0.4239,0.4239,49,49,bf76fb0edb1ad53b710872ce65baa7230c31f319956a4c9d72f4c53cc3671380,full,title|case_context|subject_label|predicate_label|domain|semantic_type,,False,False,False,False,False,
EXT_E008,web_accessibility,TEMPORAL_VERSION,NAT_WCAG_TR_22,https://www.w3.org/TR/WCAG22/,https://www.w3.org/TR/WCAG21/,RETRIEVAL_READY,0.4298,0.4298,48,48,6756269f2c741828c54456cd68927e35df7d7d57a37e06b14b8fd7a6c53dc1e6,full,title|case_context|subject_label|predicate_label|domain|semantic_type,,False,False,False,False,False,
EXT_E009,web_accessibility,TEMPORAL_VERSION,NAT_WCAG_MOBILE_22,https://www.w3.org/TR/wcag2mobile-22/,https://www.w3.org/WAI/standards-guidelines/mobile/,RETRIEVAL_READY,0.4865,0.3266,53,40,4a34f3ad90d69c8ad494ae5ac09354258e9f98b7b377368863058735581b16da,full,title|case_context|subject_label|predicate_label|domain|semantic_type,,False,False,False,False,False,
EXT_E010,web_accessibility,TEMPORAL_VERSION,NAT_WCAG_TR_22,https://www.w3.org/TR/WCAG22/,https://www.w3.org/TR/WCAG21/,RETRIEVAL_READY,0.4298,0.4298,49,49,951c77e6e2c49722ed1851b7e119455a284989a6116498e3c5a64a932c90ef0b,full,title|case_context|subject_label|predicate_label|domain|semantic_type,,False,False,False,False,False,
EXT_E011,web_accessibility,TEMPORAL_VERSION,NAT_WCAG_TR_22,https://www.w3.org/TR/WCAG22/,https://www.w3.org/TR/WCAG21/,RETRIEVAL_READY,0.4933,0.3907,45,42,af0323bb6cb79d1b216d06d2f324c78509d79876ca2b36d7b5c89700254c66cc,full,title|case_context|subject_label|predicate_label|domain|semantic_type,,False,False,False,False,False,
EXT_E012,web_accessibility,TEMPORAL_VERSION,NAT_WCAG_MOBILE_22,https://www.w3.org/TR/wcag2mobile-22/,https://www.w3.org/WAI/standards-guidelines/mobile/,RETRIEVAL_READY,0.421,0.3323,54,39,b0268e2cffb6952bd886e35673b9f32c6a751fa1a0c2850bad6b5a0910bb8058,full,title|case_context|subject_label|predicate_label|domain|semantic_type,,False,False,False,False,False,
EXT_E013,web_accessibility,CROSS_SENTENCE_SCOPE,NAT_WCAG_TR_22,https://www.w3.org/TR/WCAG22/,https://www.w3.org/TR/WCAG21/,RETRIEVAL_READY,0.4628,0.4628,52,52,948ae532df524d598d540bc4be1f743cb624d1e34405a4bc042cde22a6849bcc,full,title|case_context|subject_label|predicate_label|domain|semantic_type,,False,False,False,False,False,
EXT_E014,web_accessibility,CROSS_SENTENCE_SCOPE,NAT_WCAG_TR_22,https://www.w3.org/TR/WCAG22/,https://www.w3.org/TR/WCAG21/,RETRIEVAL_READY,0.4327,0.4327,54,52,3da686de4ec25824c333bff0995aa0d2e85b53e457578880e2f7814879e2224b,full,title|case_context|subject_label|predicate_label|domain|semantic_type,,False,False,False,False,False,
EXT_E015,web_accessibility,CROSS_SENTENCE_SCOPE,NAT_WCAG_MOBILE_22,https://www.w3.org/TR/wcag2mobile-22/,https://www.w3.org/WAI/standards-guidelines/mobile/,RETRIEVAL_READY,0.3867,0.2755,58,40,54f5bbac5640310dba60767cd95eccf64978fb8f92de61bb6d159a08104b5bc6,full,title|case_context|subject_label|predicate_label|domain|semantic_type,,False,False,False,False,False,
EXT_E016,web_accessibility,CROSS_SENTENCE_SCOPE,NAT_WCAG_TR_22,https://www.w3.org/TR/WCAG22/,https://www.w3.org/TR/WCAG21/,RETRIEVAL_READY,0.43,0.43,52,52,3ee3da09f333ff684a9a08f4f247cc5b48fff519fe9c997f4b598b52b6d5158d,full,title|case_context|subject_label|predicate_label|domain|semantic_type,,False,False,False,False,False,
EXT_E017,web_accessibility,CROSS_SENTENCE_SCOPE,NAT_WCAG_TR_22,https://www.w3.org/TR/WCAG22/,https://www.w3.org/TR/WCAG21/,RETRIEVAL_READY,0.4381,0.4381,56,56,0083aa511ee2b3fd915ad49992519283939a2ec0c134ac97f9941784b5643ac3,full,title|case_context|subject_label|predicate_label|domain|semantic_type,,False,False,False,False,False,
EXT_E018,web_accessibility,CROSS_SENTENCE_SCOPE,NAT_WCAG_MOBILE_22,https://www.w3.org/TR/wcag2mobile-22/,https://www.w3.org/WAI/standards-guidelines/mobile/,RETRIEVAL_READY,0.4515,0.2581,57,40,d640d86d4d56c0ea6c9e8579f18a400e8e588aa4bf71b784e7723ffbca65f7fa,full,title|case_context|subject_label|predicate_label|domain|semantic_type,,False,False,False,False,False,
EXT_E019,web_accessibility,CROSS_SENTENCE_SCOPE,NAT_WCAG_TR_22,https://www.w3.org/TR/WCAG22/,https://www.w3.org/TR/WCAG21/,RETRIEVAL_READY,0.4928,0.4928,55,55,255dfae5f070e56fe3153f33068a418b4be725d7129f21d5b312b0bdd75f302e,full,title|case_context|subject_label|predicate_label|domain|semantic_type,,False,False,False,False,False,
EXT_E020,web_accessibility,CROSS_SENTENCE_SCOPE,NAT_WCAG_TR_22,https://www.w3.org/TR/WCAG22/,https://www.w3.org/TR/WCAG21/,RETRIEVAL_READY,0.4327,0.4327,52,52,493af8e85bdd1d9adf68145ca50f63405feab05473a32eccf1401d7081f7d697,full,title|case_context|subject_label|predicate_label|domain|semantic_type,,False,False,False,False,False,
EXT_E021,web_accessibility,CROSS_SENTENCE_SCOPE,NAT_WCAG_MOBILE_22,https://www.w3.org/TR/wcag2mobile-22/,https://www.w3.org/WAI/standards-guidelines/mobile/,RETRIEVAL_READY,0.3909,0.2874,59,40,894bdf99ed0de310a23545aacccdb516354e29008c97b3c2f74aead087866699,full,title|case_context|subject_label|predicate_label|domain|semantic_type,,False,False,False,False,False,
EXT_E022,web_accessibility,GENERAL_RULE_EXCEPTION,NAT_WCAG_TR_22,https://www.w3.org/TR/WCAG22/,https://www.w3.org/TR/WCAG21/,RETRIEVAL_READY,0.3781,0.3781,52,51,40f1eb0a628a5181b3714c157d2cd00ff0e6fa5cbd075f044855f6e2c77e99cc,full,title|case_context|subject_label|predicate_label|domain|semantic_type,,False,False,False,False,False,
EXT_E023,web_accessibility,GENERAL_RULE_EXCEPTION,NAT_WCAG_TR_22,https://www.w3.org/TR/WCAG22/,https://www.w3.org/TR/WCAG21/,RETRIEVAL_READY,0.3745,0.3745,52,51,bf0e879a2a4c56d676ca1be707dcd380288833c8705cc2f4b678f3a025c6a543,full,title|case_context|subject_label|predicate_label|domain|semantic_type,,False,False,False,False,False,
EXT_E024,web_accessibility,GENERAL_RULE_EXCEPTION,NAT_WCAG_MOBILE_22,https://www.w3.org/TR/wcag2mobile-22/,https://www.w3.org/WAI/standards-guidelines/mobile/,RETRIEVAL_READY,0.4314,0.3145,58,39,f6663984f4e2753bd0bcb1a553ddc7f6e9760b8ff3d0874621f00f11d09bd998,full,title|case_context|subject_label|predicate_label|domain|semantic_type,,False,False,False,False,False,
EXT_E025,digital_identity,GENERAL_RULE_EXCEPTION,NAT_NIST_800_63_4,https://pages.nist.gov/800-63-4/,https://pages.nist.gov/800-63-3/,RETRIEVAL_READY,0.6121,0.4686,13,9,f1b62a838573a89f7f86aeec7f67eeabd5701a4570f053c032c4fd132b263e3e,full,title|case_context|subject_label|predicate_label|domain|semantic_type,,False,False,False,False,False,
EXT_E026,digital_identity,GENERAL_RULE_EXCEPTION,NAT_NIST_800_63A_4,https://pages.nist.gov/800-63-4/sp800-63a.html,https://pages.nist.gov/800-63-3/sp800-63a.html,RETRIEVAL_READY,0.5072,0.4566,54,43,5a9ea7052a5cfb1766edada19c9eb0846344d884821648d69cd6fc1234a03d5a,full,title|case_context|subject_label|predicate_label|domain|semantic_type,,False,False,False,False,False,
EXT_E027,digital_identity,GENERAL_RULE_EXCEPTION,NAT_NIST_800_63B_4,https://pages.nist.gov/800-63-4/sp800-63b.html,https://pages.nist.gov/800-63-3/sp800-63b.html,RETRIEVAL_READY,0.4933,0.5018,51,50,5c61a954278b75d13d22e8aeb744c499f5a6ddb7b1c084a5fad9e20ba9b5c554,full,title|case_context|subject_label|predicate_label|domain|semantic_type,,False,False,False,False,False,
EXT_E028,digital_identity,GENERAL_RULE_EXCEPTION,NAT_NIST_800_63_4,https://pages.nist.gov/800-63-4/,https://pages.nist.gov/800-63-3/,RETRIEVAL_READY,0.6523,0.4865,13,9,9d264ddc3cd7143a1bb4f7c33cb909fa353843bf14e13bbc5bd5e666446f3a8e,full,title|case_context|subject_label|predicate_label|domain|semantic_type,,False,False,False,False,False,
EXT_E029,digital_identity,GENERAL_RULE_EXCEPTION,NAT_NIST_800_63A_4,https://pages.nist.gov/800-63-4/sp800-63a.html,https://pages.nist.gov/800-63-3/sp800-63a.html,RETRIEVAL_READY,0.4841,0.436,52,43,844c6ac3fca53c6655a0a44a091f38f8ea9943b18018577226885141af0b2fd2,full,title|case_context|subject_label|predicate_label|domain|semantic_type,,False,False,False,False,False,
EXT_E030,digital_identity,GENERAL_RULE_EXCEPTION,NAT_NIST_800_63B_4,https://pages.nist.gov/800-63-4/sp800-63b.html,https://pages.nist.gov/800-63-3/sp800-63b.html,RETRIEVAL_READY,0.5483,0.4933,46,50,8bdfc8875697ee638e56dbe1540494f5101073c8944046e78f1604a4d9c7c66e,full,title|case_context|subject_label|predicate_label|domain|semantic_type,,False,False,False,False,False,
EXT_E031,web_accessibility,TEMPORAL_VERSION,NAT_WCAG_TR_22,https://www.w3.org/TR/WCAG22/,https://www.w3.org/TR/WCAG21/,RETRIEVAL_READY,0.3826,0.403,46,48,6709cb8c666f1345b6f14aadab7c382e178a97911e61cc076de39d14e423eab7,full,title|case_context|subject_label|predicate_label|domain|semantic_type,,False,False,False,False,False,
EXT_E032,web_accessibility,GENERAL_RULE_EXCEPTION,NAT_WCAG_TR_22,https://www.w3.org/TR/WCAG22/,https://www.w3.org/TR/WCAG21/,RETRIEVAL_READY,0.4533,0.4533,47,49,b0fdce257c68d280ab845dc56338fe8f4168ecb85ae310b5d3cea06b9796a11b,full,title|case_context|subject_label|predicate_label|domain|semantic_type,,False,False,False,False,False,
EXT_E033,web_accessibility,CROSS_SENTENCE_SCOPE,NAT_WCAG_TR_22,https://www.w3.org/TR/WCAG22/,https://www.w3.org/TR/WCAG21/,RETRIEVAL_READY,0.3529,0.3529,44,46,13f63a6b1e02401592e28b76bb553606c4da2b68415be383c24c4cf5e75dc725,full,title|case_context|subject_label|predicate_label|domain|semantic_type,,False,False,False,False,False,
EXT_E034,web_accessibility,TEMPORAL_VERSION,NAT_WCAG_TR_22,https://www.w3.org/TR/WCAG22/,https://www.w3.org/TR/WCAG21/,RETRIEVAL_READY,0.3887,0.3887,47,49,9555d47fe71eb695f162ba086026c8ee3d0ecfccd60388c58868320e00f8afa8,full,title|case_context|subject_label|predicate_label|domain|semantic_type,,False,False,False,False,False,
EXT_E035,web_accessibility,GENERAL_RULE_EXCEPTION,NAT_WCAG_TR_22,https://www.w3.org/TR/WCAG22/,https://www.w3.org/TR/WCAG21/,RETRIEVAL_READY,0.3402,0.3579,47,49,fb181343ba39e1abef432625b6e6f9312c593598da0a25a8d54f46340ecbbcef,full,title|case_context|subject_label|predicate_label|domain|semantic_type,,False,False,False,False,False,
EXT_E036,web_accessibility,CROSS_SENTENCE_SCOPE,NAT_WCAG_MOBILE_22,https://www.w3.org/TR/wcag2mobile-22/,https://www.w3.org/WAI/standards-guidelines/mobile/,RETRIEVAL_READY,0.3481,0.4298,55,40,f1d2aa4cd6fce789b64542210619d560eaa5a60b949191283ea82235232b1083,full,title|case_context|subject_label|predicate_label|domain|semantic_type,,False,False,False,False,False,
EXT_E037,web_accessibility,TEMPORAL_VERSION,NAT_WCAG_TR_22,https://www.w3.org/TR/WCAG22/,https://www.w3.org/TR/WCAG21/,RETRIEVAL_READY,0.3529,0.3529,47,48,48575431c7b48aeededd19f9e1255397a77fe532d4563ec7f7df9d0ae8c384ef,full,title|case_context|subject_label|predicate_label|domain|semantic_type,,False,False,False,False,False,
EXT_E038,web_accessibility,GENERAL_RULE_EXCEPTION,NAT_WCAG_TR_22,https://www.w3.org/TR/WCAG22/,https://www.w3.org/TR/WCAG21/,RETRIEVAL_READY,0.3579,0.3579,46,49,383826f00cb224e445d96304a912e282e1f234862b0b60de4419eff8602961f4,full,title|case_context|subject_label|predicate_label|domain|semantic_type,,False,False,False,False,False,
EXT_E039,web_accessibility,CROSS_SENTENCE_SCOPE,NAT_WCAG_MOBILE_22,https://www.w3.org/TR/wcag2mobile-22/,https://www.w3.org/WAI/standards-guidelines/mobile/,RETRIEVAL_READY,0.6404,0.5672,49,32,1b37da03c7180fee61ab24ea3215ba787982363f9150013bdb59caf77df9df87,full,title|case_context|subject_label|predicate_label|domain|semantic_type,,False,False,False,False,False,
EXT_E040,web_accessibility,CROSS_SENTENCE_SCOPE,NAT_WCAG_TR_22,https://www.w3.org/TR/WCAG22/,https://www.w3.org/TR/WCAG21/,RETRIEVAL_READY,0.4419,0.4419,45,45,6d5d209be095285f85104923ea08685664da2ebdaf8bcafbab727aa6107e0e00,full,title|case_context|subject_label|predicate_label|domain|semantic_type,,False,False,False,False,False,
EXT_E041,web_accessibility,GENERAL_RULE_EXCEPTION,NAT_WCAG_TR_22,https://www.w3.org/TR/WCAG22/,https://www.w3.org/TR/WCAG21/,RETRIEVAL_READY,0.4577,0.4577,45,45,6d5d209be095285f85104923ea08685664da2ebdaf8bcafbab727aa6107e0e00,full,title|case_context|subject_label|predicate_label|domain|semantic_type,,False,False,False,False,False,
EXT_E042,web_accessibility,GENERAL_RULE_EXCEPTION,NAT_WCAG_MOBILE_22,https://www.w3.org/TR/wcag2mobile-22/,https://www.w3.org/WAI/standards-guidelines/mobile/,RETRIEVAL_READY,0.6647,0.5884,49,32,635c4d536578be4b230d4d5cce237fd960690a2ab93d0999d27ac00e3f4d2070,full,title|case_context|subject_label|predicate_label|domain|semantic_type,,False,False,False,False,False,
EXT_E043,digital_identity,TEMPORAL_VERSION,NAT_NIST_800_63B_4,https://pages.nist.gov/800-63-4/sp800-63b.html,https://pages.nist.gov/800-63-3/sp800-63b.html,RETRIEVAL_READY,0.6191,0.6046,46,47,43e35143c2083863125da79f761d2af7c3897d1529c3fc25ae5423f7624e99da,full,title|case_context|subject_label|predicate_label|domain|semantic_type,,False,False,False,False,False,
EXT_E044,digital_identity,TEMPORAL_VERSION,NAT_NIST_800_63B_4,https://pages.nist.gov/800-63-4/sp800-63b.html,https://pages.nist.gov/800-63-3/sp800-63b.html,RETRIEVAL_READY,0.6191,0.6046,46,47,43e35143c2083863125da79f761d2af7c3897d1529c3fc25ae5423f7624e99da,full,title|case_context|subject_label|predicate_label|domain|semantic_type,,False,False,False,False,False,
EXT_E045,digital_identity,GENERAL_RULE_EXCEPTION,NAT_NIST_800_63A_4,https://pages.nist.gov/800-63-4/sp800-63a.html,https://pages.nist.gov/800-63-3/sp800-63a.html,RETRIEVAL_READY,0.6191,0.6046,51,41,1341f471ec7fbac949cca3de9be3ad5911933a851efd4cff1ad2b8894ba884cb,full,title|case_context|subject_label|predicate_label|domain|semantic_type,,False,False,False,False,False,
EXT_E046,digital_identity,GENERAL_RULE_EXCEPTION,NAT_NIST_800_63_4,https://pages.nist.gov/800-63-4/,https://pages.nist.gov/800-63-3/,RETRIEVAL_READY,0.6728,0.5502,13,9,2f1293e574af5ea6dd687ad9f38c3fc7f2f9920215214d6cae5db9e0654e6921,full,title|case_context|subject_label|predicate_label|domain|semantic_type,,False,False,False,False,False,
EXT_E047,digital_identity,CROSS_SENTENCE_SCOPE,NAT_NIST_800_63A_4,https://pages.nist.gov/800-63-4/sp800-63a.html,https://pages.nist.gov/800-63-3/sp800-63a.html,RETRIEVAL_READY,0.5946,0.5807,51,41,0fd6bb58205a24b09c441361abf85548d715484ceeee1620e828b6ddbc668925,full,title|case_context|subject_label|predicate_label|domain|semantic_type,,False,False,False,False,False,
EXT_E048,digital_identity,GENERAL_RULE_EXCEPTION,NAT_NIST_800_63_4,https://pages.nist.gov/800-63-4/,https://pages.nist.gov/800-63-3/,RETRIEVAL_READY,0.6728,0.5502,13,9,2f1293e574af5ea6dd687ad9f38c3fc7f2f9920215214d6cae5db9e0654e6921,full,title|case_context|subject_label|predicate_label|domain|semantic_type,,False,False,False,False,False,
EXT_E050,digital_identity,CROSS_SENTENCE_SCOPE,NAT_NIST_800_63_4,https://pages.nist.gov/800-63-4/,https://pages.nist.gov/800-63-3/,RETRIEVAL_READY,0.646,0.5287,13,9,2f1293e574af5ea6dd687ad9f38c3fc7f2f9920215214d6cae5db9e0654e6921,full,title|case_context|subject_label|predicate_label|domain|semantic_type,,False,False,False,False,False,
EXT_E051,digital_identity,CROSS_SENTENCE_SCOPE,NAT_NIST_800_63B_4,https://pages.nist.gov/800-63-4/sp800-63b.html,https://pages.nist.gov/800-63-3/sp800-63b.html,RETRIEVAL_READY,0.7502,0.5502,38,43,b5709ba2fa454af0f23957c251ec58e88dcf619f676da72b8ab03537bcd31eb9,full,title|case_context|subject_label|predicate_label|domain|semantic_type,,False,False,False,False,False,
EXT_E052,digital_identity,GENERAL_RULE_EXCEPTION,NAT_NIST_800_63_4,https://pages.nist.gov/800-63-4/,https://pages.nist.gov/800-63-3/,RETRIEVAL_READY,0.5163,0.5163,13,9,55b9c2bf633e2292c1087a8c1c56b61ee7754a39b4a516aee9de5669268fcb63,full,title|case_context|subject_label|predicate_label|domain|semantic_type,,False,False,False,False,False,
EXT_E053,digital_identity,CROSS_SENTENCE_SCOPE,NAT_NIST_800_63A_4,https://pages.nist.gov/800-63-4/sp800-63a.html,https://pages.nist.gov/800-63-3/sp800-63a.html,RETRIEVAL_READY,0.5502,0.5502,51,44,ac55281cac6e3d9106e0987e54021f6af12f3b901b1603e03d52dc19819c1ee8,full,title|case_context|subject_label|predicate_label|domain|semantic_type,,False,False,False,False,False,
EXT_E054,digital_identity,GENERAL_RULE_EXCEPTION,NAT_NIST_800_63B_4,https://pages.nist.gov/800-63-4/sp800-63b.html,https://pages.nist.gov/800-63-3/sp800-63b.html,RETRIEVAL_READY,0.774,0.574,38,46,b5709ba2fa454af0f23957c251ec58e88dcf619f676da72b8ab03537bcd31eb9,full,title|case_context|subject_label|predicate_label|domain|semantic_type,,False,False,False,False,False,
EXT_E055,digital_identity,GENERAL_RULE_EXCEPTION,NAT_NIST_800_63A_4,https://pages.nist.gov/800-63-4/sp800-63a.html,https://pages.nist.gov/800-63-3/sp800-63a.html,RETRIEVAL_READY,0.574,0.574,51,44,ac55281cac6e3d9106e0987e54021f6af12f3b901b1603e03d52dc19819c1ee8,full,title|case_context|subject_label|predicate_label|domain|semantic_type,,False,False,False,False,False,
EXT_E057,eu_regulation,TEMPORAL_VERSION,NAT_EU_CLP_2020_2174,https://op.europa.eu/o/opportal-service/download-handler?identifier=dec9f5e7-43f8-11eb-b59f-01aa75ed71a1&format=PDF&language=en&productionSystem=cellar&part=,https://op.europa.eu/o/opportal-service/download-handler?identifier=6bf54b59-7673-461b-b8e1-f24c545cbd3c&format=PDF&language=en&productionSystem=cellar&part=,RETRIEVAL_READY,0.183,0.1673,37,60,5d9d1cb566f17b3f08537d2d2644fa5f68a66e5b1e1c391b989c8f32e244b16c,full,title|case_context|subject_label|predicate_label|domain|semantic_type,,False,False,False,False,False,
EXT_E058,eu_regulation,GENERAL_RULE_EXCEPTION,NAT_EU_CLP_2020_2174,https://op.europa.eu/o/opportal-service/download-handler?identifier=dec9f5e7-43f8-11eb-b59f-01aa75ed71a1&format=PDF&language=en&productionSystem=cellar&part=,https://op.europa.eu/o/opportal-service/download-handler?identifier=6bf54b59-7673-461b-b8e1-f24c545cbd3c&format=PDF&language=en&productionSystem=cellar&part=,RETRIEVAL_READY,0.183,0.1673,39,55,f336155632836cda7b706799da2545e3e2c78394ddc2bee58b7d8794abfe24ae,full,title|case_context|subject_label|predicate_label|domain|semantic_type,,False,False,False,False,False,
EXT_E059,eu_regulation,CROSS_SENTENCE_SCOPE,NAT_EU_CLP_2020_2174,https://op.europa.eu/o/opportal-service/download-handler?identifier=dec9f5e7-43f8-11eb-b59f-01aa75ed71a1&format=PDF&language=en&productionSystem=cellar&part=,https://op.europa.eu/o/opportal-service/download-handler?identifier=6bf54b59-7673-461b-b8e1-f24c545cbd3c&format=PDF&language=en&productionSystem=cellar&part=,RETRIEVAL_READY,0.1763,0.1614,37,60,5d9d1cb566f17b3f08537d2d2644fa5f68a66e5b1e1c391b989c8f32e244b16c,full,title|case_context|subject_label|predicate_label|domain|semantic_type,,False,False,False,False,False,
EXT_E060,eu_regulation,TEMPORAL_VERSION,NAT_EU_CLP_2020_2174,https://op.europa.eu/o/opportal-service/download-handler?identifier=dec9f5e7-43f8-11eb-b59f-01aa75ed71a1&format=PDF&language=en&productionSystem=cellar&part=,https://op.europa.eu/o/opportal-service/download-handler?identifier=6bf54b59-7673-461b-b8e1-f24c545cbd3c&format=PDF&language=en&productionSystem=cellar&part=,RETRIEVAL_READY,0.1066,0.1066,38,60,b976942ed87cd44fda3558f76d46976c814dfc529dba19ef353d72fa775b7e8f,full,title|case_context|subject_label|predicate_label|domain|semantic_type,,False,False,False,False,False,True
EXT_E061,eu_regulation,GENERAL_RULE_EXCEPTION,NAT_EU_CLP_2020_2174,https://op.europa.eu/o/opportal-service/download-handler?identifier=dec9f5e7-43f8-11eb-b59f-01aa75ed71a1&format=PDF&language=en&productionSystem=cellar&part=,https://op.europa.eu/o/opportal-service/download-handler?identifier=6bf54b59-7673-461b-b8e1-f24c545cbd3c&format=PDF&language=en&productionSystem=cellar&part=,RETRIEVAL_READY,0.183,0.1673,39,55,f336155632836cda7b706799da2545e3e2c78394ddc2bee58b7d8794abfe24ae,full,title|case_context|subject_label|predicate_label|domain|semantic_type,,False,False,False,False,False,
EXT_E062,eu_regulation,CROSS_SENTENCE_SCOPE,NAT_EU_CLP_2020_2174,https://op.europa.eu/o/opportal-service/download-handler?identifier=dec9f5e7-43f8-11eb-b59f-01aa75ed71a1&format=PDF&language=en&productionSystem=cellar&part=,https://op.europa.eu/o/opportal-service/download-handler?identifier=6bf54b59-7673-461b-b8e1-f24c545cbd3c&format=PDF&language=en&productionSystem=cellar&part=,RETRIEVAL_READY,0.1763,0.1614,37,60,5d9d1cb566f17b3f08537d2d2644fa5f68a66e5b1e1c391b989c8f32e244b16c,full,title|case_context|subject_label|predicate_label|domain|semantic_type,,False,False,False,False,False,
EXT_E063,us_regulation,TEMPORAL_VERSION,NAT_SEC_CYBER_FEDREG_2023,https://www.federalregister.gov/documents/full_text/html/2023/08/04/2023-16194.html,https://www.federalregister.gov/documents/full_text/html/2022/03/23/2022-05480.html,RETRIEVAL_READY,0.2867,0.2867,60,58,697b365814733bf990f00206f84d1d7259b5567e4acc51d3480bed8202888032,full,title|case_context|subject_label|predicate_label|domain|semantic_type,,False,False,False,False,False,
EXT_E064,us_regulation,CROSS_SENTENCE_SCOPE,NAT_SEC_CYBER_FEDREG_2023,https://www.federalregister.gov/documents/full_text/html/2023/08/04/2023-16194.html,https://www.federalregister.gov/documents/full_text/html/2022/03/23/2022-05480.html,RETRIEVAL_READY,0.2743,0.2743,60,58,697b365814733bf990f00206f84d1d7259b5567e4acc51d3480bed8202888032,full,title|case_context|subject_label|predicate_label|domain|semantic_type,,False,False,False,False,False,
EXT_E065,us_regulation,GENERAL_RULE_EXCEPTION,NAT_SEC_CYBER_FEDREG_2023,https://www.federalregister.gov/documents/full_text/html/2023/08/04/2023-16194.html,https://www.federalregister.gov/documents/full_text/html/2022/03/23/2022-05480.html,RETRIEVAL_READY,0.2867,0.2867,60,58,697b365814733bf990f00206f84d1d7259b5567e4acc51d3480bed8202888032,full,title|case_context|subject_label|predicate_label|domain|semantic_type,,False,False,False,False,False,
EXT_E066,us_regulation,TEMPORAL_VERSION,NAT_SEC_CYBER_FEDREG_2023,https://www.federalregister.gov/documents/full_text/html/2023/08/04/2023-16194.html,https://www.federalregister.gov/documents/full_text/html/2022/03/23/2022-05480.html,RETRIEVAL_READY,0.2867,0.2867,60,58,697b365814733bf990f00206f84d1d7259b5567e4acc51d3480bed8202888032,full,title|case_context|subject_label|predicate_label|domain|semantic_type,,False,False,False,False,False,
EXT_E067,us_regulation,CROSS_SENTENCE_SCOPE,NAT_SEC_CYBER_FEDREG_2023,https://www.federalregister.gov/documents/full_text/html/2023/08/04/2023-16194.html,https://www.federalregister.gov/documents/full_text/html/2022/03/23/2022-05480.html,RETRIEVAL_READY,0.2743,0.2743,60,58,697b365814733bf990f00206f84d1d7259b5567e4acc51d3480bed8202888032,full,title|case_context|subject_label|predicate_label|domain|semantic_type,,False,False,False,False,False,
EXT_E068,us_regulation,GENERAL_RULE_EXCEPTION,NAT_SEC_CYBER_FEDREG_2023,https://www.federalregister.gov/documents/full_text/html/2023/08/04/2023-16194.html,https://www.federalregister.gov/documents/full_text/html/2022/03/23/2022-05480.html,RETRIEVAL_READY,0.2867,0.2867,60,58,697b365814733bf990f00206f84d1d7259b5567e4acc51d3480bed8202888032,full,title|case_context|subject_label|predicate_label|domain|semantic_type,,False,False,False,False,False,
EXT_E069,insurance,TEMPORAL_VERSION,NAT_INS_BEIJING_2026_TERMS,https://nyncj.beijing.gov.cn/nyj/zwgk/zcgk/zcwj3149/744058179/2026070319534651291.pdf,https://nyncj.beijing.gov.cn/nyj/zwgk/zcgk/zcwj3149/743621601/2025051417472999136.pdf,RETRIEVAL_READY,0.1342,0.0,14,0,33b222808cb4fd1b4bee07a858be80edd8f908aaf0257c92a61c666ce6af837a,full,title|case_context|subject_label|predicate_label|domain|semantic_type,no relevant text unit,False,False,False,False,False,
EXT_E070,insurance,TEMPORAL_VERSION,NAT_INS_BEIJING_2026_TERMS,https://nyncj.beijing.gov.cn/nyj/zwgk/zcgk/zcwj3149/744058179/2026070319534651291.pdf,https://nyncj.beijing.gov.cn/nyj/zwgk/zcgk/zcwj3149/743621601/2025051417472999136.pdf,RETRIEVAL_READY,0.1355,0.0,14,0,33b222808cb4fd1b4bee07a858be80edd8f908aaf0257c92a61c666ce6af837a,full,title|case_context|subject_label|predicate_label|domain|semantic_type,no relevant text unit,False,False,False,False,False,
EXT_E071,insurance,TEMPORAL_VERSION,NAT_INS_BEIJING_2026_TERMS,https://nyncj.beijing.gov.cn/nyj/zwgk/zcgk/zcwj3149/744058179/2026070319534651291.pdf,https://nyncj.beijing.gov.cn/nyj/zwgk/zcgk/zcwj3149/743621601/2025051417472999136.pdf,RETRIEVAL_READY,0.1368,0.0,14,0,33b222808cb4fd1b4bee07a858be80edd8f908aaf0257c92a61c666ce6af837a,full,title|case_context|subject_label|predicate_label|domain|semantic_type,no relevant text unit,False,False,False,False,False,
EXT_E072,insurance,TEMPORAL_VERSION,NAT_INS_BEIJING_2026_TERMS,https://nyncj.beijing.gov.cn/nyj/zwgk/zcgk/zcwj3149/744058179/2026070319534651291.pdf,https://nyncj.beijing.gov.cn/nyj/zwgk/zcgk/zcwj3149/743621601/2025051417472999136.pdf,RETRIEVAL_READY,0.1485,0.0,14,0,33b222808cb4fd1b4bee07a858be80edd8f908aaf0257c92a61c666ce6af837a,full,title|case_context|subject_label|predicate_label|domain|semantic_type,no relevant text unit,False,False,False,False,False,
EXT_E073,insurance,TEMPORAL_VERSION,NAT_INS_BEIJING_2026_TERMS,https://nyncj.beijing.gov.cn/nyj/zwgk/zcgk/zcwj3149/744058179/2026070319534651291.pdf,https://nyncj.beijing.gov.cn/nyj/zwgk/zcgk/zcwj3149/743621601/2025051417472999136.pdf,RETRIEVAL_READY,0.1401,0.0,14,0,33b222808cb4fd1b4bee07a858be80edd8f908aaf0257c92a61c666ce6af837a,full,title|case_context|subject_label|predicate_label|domain|semantic_type,no relevant text unit,False,False,False,False,False,
EXT_E074,insurance,TEMPORAL_VERSION,NAT_INS_BEIJING_2026_TERMS,https://nyncj.beijing.gov.cn/nyj/zwgk/zcgk/zcwj3149/744058179/2026070319534651291.pdf,https://nyncj.beijing.gov.cn/nyj/zwgk/zcgk/zcwj3149/743621601/2025051417472999136.pdf,RETRIEVAL_READY,0.1485,0.0,14,0,33b222808cb4fd1b4bee07a858be80edd8f908aaf0257c92a61c666ce6af837a,full,title|case_context|subject_label|predicate_label|domain|semantic_type,no relevant text unit,False,False,False,False,False,
EXT_E075,insurance,TEMPORAL_VERSION,NAT_INS_BEIJING_2026_TERMS,https://nyncj.beijing.gov.cn/nyj/zwgk/zcgk/zcwj3149/744058179/2026070319534651291.pdf,https://nyncj.beijing.gov.cn/nyj/zwgk/zcgk/zcwj3149/743621601/2025051417472999136.pdf,RETRIEVAL_READY,0.1401,0.0,14,0,33b222808cb4fd1b4bee07a858be80edd8f908aaf0257c92a61c666ce6af837a,full,title|case_context|subject_label|predicate_label|domain|semantic_type,no relevant text unit,False,False,False,False,False,
EXT_E076,insurance,TEMPORAL_VERSION,NAT_INS_BEIJING_2026_TERMS,https://nyncj.beijing.gov.cn/nyj/zwgk/zcgk/zcwj3149/744058179/2026070319534651291.pdf,https://nyncj.beijing.gov.cn/nyj/zwgk/zcgk/zcwj3149/743621601/2025051417472999136.pdf,RETRIEVAL_READY,0.1387,0.0,14,0,33b222808cb4fd1b4bee07a858be80edd8f908aaf0257c92a61c666ce6af837a,full,title|case_context|subject_label|predicate_label|domain|semantic_type,no relevant text unit,False,False,False,False,False,
EXT_E077,insurance,TEMPORAL_VERSION,NAT_INS_BEIJING_2026_TERMS,https://nyncj.beijing.gov.cn/nyj/zwgk/zcgk/zcwj3149/744058179/2026070319534651291.pdf,https://nyncj.beijing.gov.cn/nyj/zwgk/zcgk/zcwj3149/743621601/2025051417472999136.pdf,RETRIEVAL_READY,0.1431,0.0,14,0,33b222808cb4fd1b4bee07a858be80edd8f908aaf0257c92a61c666ce6af837a,full,title|case_context|subject_label|predicate_label|domain|semantic_type,no relevant text unit,False,False,False,False,False,
EXT_E078,insurance,TEMPORAL_VERSION,NAT_INS_BEIJING_2026_TERMS,https://nyncj.beijing.gov.cn/nyj/zwgk/zcgk/zcwj3149/744058179/2026070319534651291.pdf,https://nyncj.beijing.gov.cn/nyj/zwgk/zcgk/zcwj3149/743621601/2025051417472999136.pdf,RETRIEVAL_READY,0.1401,0.0,14,0,33b222808cb4fd1b4bee07a858be80edd8f908aaf0257c92a61c666ce6af837a,full,title|case_context|subject_label|predicate_label|domain|semantic_type,no relevant text unit,False,False,False,False,False,
EXT_E079,insurance,TEMPORAL_VERSION,NAT_INS_BEIJING_2026_TERMS,https://nyncj.beijing.gov.cn/nyj/zwgk/zcgk/zcwj3149/744058179/2026070319534651291.pdf,https://nyncj.beijing.gov.cn/nyj/zwgk/zcgk/zcwj3149/743621601/2025051417472999136.pdf,RETRIEVAL_READY,0.1452,0.0,14,0,33b222808cb4fd1b4bee07a858be80edd8f908aaf0257c92a61c666ce6af837a,full,title|case_context|subject_label|predicate_label|domain|semantic_type,no relevant text unit,False,False,False,False,False,
EXT_E080,insurance,TEMPORAL_VERSION,NAT_INS_BEIJING_2026_TERMS,https://nyncj.beijing.gov.cn/nyj/zwgk/zcgk/zcwj3149/744058179/2026070319534651291.pdf,https://nyncj.beijing.gov.cn/nyj/zwgk/zcgk/zcwj3149/743621601/2025051417472999136.pdf,RETRIEVAL_READY,0.1609,0.0,14,0,33b222808cb4fd1b4bee07a858be80edd8f908aaf0257c92a61c666ce6af837a,full,title|case_context|subject_label|predicate_label|domain|semantic_type,no relevant text unit,False,False,False,False,False,
EXT_E081,insurance,TEMPORAL_VERSION,NAT_INS_BEIJING_2026_TERMS,https://nyncj.beijing.gov.cn/nyj/zwgk/zcgk/zcwj3149/744058179/2026070319534651291.pdf,https://nyncj.beijing.gov.cn/nyj/zwgk/zcgk/zcwj3149/743621601/2025051417472999136.pdf,RETRIEVAL_READY,0.1544,0.0,14,0,33b222808cb4fd1b4bee07a858be80edd8f908aaf0257c92a61c666ce6af837a,full,title|case_context|subject_label|predicate_label|domain|semantic_type,no relevant text unit,False,False,False,False,False,
EXT_E082,insurance,TEMPORAL_VERSION,NAT_INS_BEIJING_2026_TERMS,https://nyncj.beijing.gov.cn/nyj/zwgk/zcgk/zcwj3149/744058179/2026070319534651291.pdf,https://nyncj.beijing.gov.cn/nyj/zwgk/zcgk/zcwj3149/743621601/2025051417472999136.pdf,RETRIEVAL_READY,0.1525,0.0,14,0,33b222808cb4fd1b4bee07a858be80edd8f908aaf0257c92a61c666ce6af837a,full,title|case_context|subject_label|predicate_label|domain|semantic_type,no relevant text unit,False,False,False,False,False,
EXT_E083,insurance,TEMPORAL_VERSION,NAT_INS_BEIJING_2026_TERMS,https://nyncj.beijing.gov.cn/nyj/zwgk/zcgk/zcwj3149/744058179/2026070319534651291.pdf,https://nyncj.beijing.gov.cn/nyj/zwgk/zcgk/zcwj3149/743621601/2025051417472999136.pdf,RETRIEVAL_READY,0.1525,0.0,14,0,33b222808cb4fd1b4bee07a858be80edd8f908aaf0257c92a61c666ce6af837a,full,title|case_context|subject_label|predicate_label|domain|semantic_type,no relevant text unit,False,False,False,False,False,
EXT_E084,insurance,TEMPORAL_VERSION,NAT_INS_BEIJING_2026_TERMS,https://nyncj.beijing.gov.cn/nyj/zwgk/zcgk/zcwj3149/744058179/2026070319534651291.pdf,https://nyncj.beijing.gov.cn/nyj/zwgk/zcgk/zcwj3149/743621601/2025051417472999136.pdf,RETRIEVAL_READY,0.1525,0.0,14,0,33b222808cb4fd1b4bee07a858be80edd8f908aaf0257c92a61c666ce6af837a,full,title|case_context|subject_label|predicate_label|domain|semantic_type,no relevant text unit,False,False,False,False,False,
EXT_E085,insurance,TEMPORAL_VERSION,NAT_INS_BEIJING_2026_TERMS,https://nyncj.beijing.gov.cn/nyj/zwgk/zcgk/zcwj3149/744058179/2026070319534651291.pdf,https://nyncj.beijing.gov.cn/nyj/zwgk/zcgk/zcwj3149/743621601/2025051417472999136.pdf,RETRIEVAL_READY,0.1609,0.0,14,0,33b222808cb4fd1b4bee07a858be80edd8f908aaf0257c92a61c666ce6af837a,full,title|case_context|subject_label|predicate_label|domain|semantic_type,no relevant text unit,False,False,False,False,False,
EXT_E086,eu_regulation,TEMPORAL_VERSION,NAT_EU_CLP_2020_2174,https://op.europa.eu/o/opportal-service/download-handler?identifier=dec9f5e7-43f8-11eb-b59f-01aa75ed71a1&format=PDF&language=en&productionSystem=cellar&part=,https://op.europa.eu/o/opportal-service/download-handler?identifier=6bf54b59-7673-461b-b8e1-f24c545cbd3c&format=PDF&language=en&productionSystem=cellar&part=,RETRIEVAL_READY,0.722,0.2928,50,59,7671ce03e9c7887338bb11e80e09abb749c8cc11fa8eeaaeda159e81c2c2a9d2,full,title|case_context|subject_label|predicate_label|domain|semantic_type,,False,False,False,False,False,
EXT_E087,eu_regulation,TEMPORAL_VERSION,NAT_EU_CLP_2020_2174,https://op.europa.eu/o/opportal-service/download-handler?identifier=dec9f5e7-43f8-11eb-b59f-01aa75ed71a1&format=PDF&language=en&productionSystem=cellar&part=,https://op.europa.eu/o/opportal-service/download-handler?identifier=6bf54b59-7673-461b-b8e1-f24c545cbd3c&format=PDF&language=en&productionSystem=cellar&part=,RETRIEVAL_READY,0.8046,0.2108,43,56,745c09c0bffe68de32389e89da537a56916c23483e83a83241fdfe0aa22fd3a7,full,title|case_context|subject_label|predicate_label|domain|semantic_type,,False,False,False,False,False,
EXT_E088,eu_regulation,TEMPORAL_VERSION,NAT_EU_CLP_2020_2174,https://op.europa.eu/o/opportal-service/download-handler?identifier=dec9f5e7-43f8-11eb-b59f-01aa75ed71a1&format=PDF&language=en&productionSystem=cellar&part=,https://op.europa.eu/o/opportal-service/download-handler?identifier=6bf54b59-7673-461b-b8e1-f24c545cbd3c&format=PDF&language=en&productionSystem=cellar&part=,RETRIEVAL_READY,0.7867,0.1904,47,59,58dd97e401eb14e2065f2fa80a1f7d7d637ffa9eaa4d3c371d9f21188d043fc4,full,title|case_context|subject_label|predicate_label|domain|semantic_type,,False,False,False,False,False,
EXT_E089,eu_regulation,TEMPORAL_VERSION,NAT_EU_CLP_2020_2174,https://op.europa.eu/o/opportal-service/download-handler?identifier=dec9f5e7-43f8-11eb-b59f-01aa75ed71a1&format=PDF&language=en&productionSystem=cellar&part=,https://op.europa.eu/o/opportal-service/download-handler?identifier=6bf54b59-7673-461b-b8e1-f24c545cbd3c&format=PDF&language=en&productionSystem=cellar&part=,RETRIEVAL_READY,0.7867,0.4521,43,59,745c09c0bffe68de32389e89da537a56916c23483e83a83241fdfe0aa22fd3a7,full,title|case_context|subject_label|predicate_label|domain|semantic_type,,False,False,False,False,False,
EXT_E090,eu_regulation,TEMPORAL_VERSION,NAT_EU_CLP_2020_2174,https://op.europa.eu/o/opportal-service/download-handler?identifier=dec9f5e7-43f8-11eb-b59f-01aa75ed71a1&format=PDF&language=en&productionSystem=cellar&part=,https://op.europa.eu/o/opportal-service/download-handler?identifier=6bf54b59-7673-461b-b8e1-f24c545cbd3c&format=PDF&language=en&productionSystem=cellar&part=,RETRIEVAL_READY,0.8211,0.2002,45,59,05168e335236bb5e8ff351de72df0b77368957aa918ad15d47304479d7496311,full,title|case_context|subject_label|predicate_label|domain|semantic_type,,False,False,False,False,False,
EXT_E091,eu_regulation,TEMPORAL_VERSION,NAT_EU_CLP_2020_2174,https://op.europa.eu/o/opportal-service/download-handler?identifier=dec9f5e7-43f8-11eb-b59f-01aa75ed71a1&format=PDF&language=en&productionSystem=cellar&part=,https://op.europa.eu/o/opportal-service/download-handler?identifier=6bf54b59-7673-461b-b8e1-f24c545cbd3c&format=PDF&language=en&productionSystem=cellar&part=,RETRIEVAL_READY,0.8605,0.2114,43,59,745c09c0bffe68de32389e89da537a56916c23483e83a83241fdfe0aa22fd3a7,full,title|case_context|subject_label|predicate_label|domain|semantic_type,,False,False,False,False,False,
EXT_E092,eu_regulation,TEMPORAL_VERSION,NAT_EU_CLP_2020_2174,https://op.europa.eu/o/opportal-service/download-handler?identifier=dec9f5e7-43f8-11eb-b59f-01aa75ed71a1&format=PDF&language=en&productionSystem=cellar&part=,https://op.europa.eu/o/opportal-service/download-handler?identifier=6bf54b59-7673-461b-b8e1-f24c545cbd3c&format=PDF&language=en&productionSystem=cellar&part=,RETRIEVAL_READY,0.7564,0.2544,53,55,398274bc2c23b697b5f8ec11f8f0a8eb2898429b684398aa88580da00aa0e3da,full,title|case_context|subject_label|predicate_label|domain|semantic_type,,False,False,False,False,False,
EXT_E093,eu_regulation,TEMPORAL_VERSION,NAT_EU_CLP_2020_2174,https://op.europa.eu/o/opportal-service/download-handler?identifier=dec9f5e7-43f8-11eb-b59f-01aa75ed71a1&format=PDF&language=en&productionSystem=cellar&part=,https://op.europa.eu/o/opportal-service/download-handler?identifier=6bf54b59-7673-461b-b8e1-f24c545cbd3c&format=PDF&language=en&productionSystem=cellar&part=,RETRIEVAL_READY,0.7867,0.2373,43,60,745c09c0bffe68de32389e89da537a56916c23483e83a83241fdfe0aa22fd3a7,full,title|case_context|subject_label|predicate_label|domain|semantic_type,,False,False,False,False,False,
EXT_E094,eu_regulation,TEMPORAL_VERSION,NAT_EU_CLP_2020_2174,https://op.europa.eu/o/opportal-service/download-handler?identifier=dec9f5e7-43f8-11eb-b59f-01aa75ed71a1&format=PDF&language=en&productionSystem=cellar&part=,https://op.europa.eu/o/opportal-service/download-handler?identifier=6bf54b59-7673-461b-b8e1-f24c545cbd3c&format=PDF&language=en&productionSystem=cellar&part=,RETRIEVAL_READY,0.7867,0.2052,53,60,7a32a8c46be2c6eb0f72dc6594aec9ffd9d6aa7f895d569c05caae7868cd0880,full,title|case_context|subject_label|predicate_label|domain|semantic_type,,False,False,False,False,False,
EXT_E095,eu_regulation,TEMPORAL_VERSION,NAT_EU_CLP_2020_2174,https://op.europa.eu/o/opportal-service/download-handler?identifier=dec9f5e7-43f8-11eb-b59f-01aa75ed71a1&format=PDF&language=en&productionSystem=cellar&part=,https://op.europa.eu/o/opportal-service/download-handler?identifier=6bf54b59-7673-461b-b8e1-f24c545cbd3c&format=PDF&language=en&productionSystem=cellar&part=,RETRIEVAL_READY,0.7942,0.1925,49,60,094498e551bd4c68cb511f9a5d8392d825c347b6fb052eca38803ca9aaf4676c,full,title|case_context|subject_label|predicate_label|domain|semantic_type,,False,False,False,False,False,
EXT_E096,eu_regulation,TEMPORAL_VERSION,NAT_EU_CLP_2020_2174,https://op.europa.eu/o/opportal-service/download-handler?identifier=dec9f5e7-43f8-11eb-b59f-01aa75ed71a1&format=PDF&language=en&productionSystem=cellar&part=,https://op.europa.eu/o/opportal-service/download-handler?identifier=6bf54b59-7673-461b-b8e1-f24c545cbd3c&format=PDF&language=en&productionSystem=cellar&part=,RETRIEVAL_READY,0.8046,0.2108,43,59,745c09c0bffe68de32389e89da537a56916c23483e83a83241fdfe0aa22fd3a7,full,title|case_context|subject_label|predicate_label|domain|semantic_type,,False,False,False,False,False,
EXT_E097,eu_regulation,TEMPORAL_VERSION,NAT_EU_CLP_2020_2174,https://op.europa.eu/o/opportal-service/download-handler?identifier=dec9f5e7-43f8-11eb-b59f-01aa75ed71a1&format=PDF&language=en&productionSystem=cellar&part=,https://op.europa.eu/o/opportal-service/download-handler?identifier=6bf54b59-7673-461b-b8e1-f24c545cbd3c&format=PDF&language=en&productionSystem=cellar&part=,RETRIEVAL_READY,0.7942,0.1925,54,59,139bec8af565fd30e1e6196b5643211b6f25b034d24350018317121f36f6dabd,full,title|case_context|subject_label|predicate_label|domain|semantic_type,,False,False,False,False,False,
EXT_E098,eu_regulation,TEMPORAL_VERSION,NAT_EU_CLP_2020_2174,https://op.europa.eu/o/opportal-service/download-handler?identifier=dec9f5e7-43f8-11eb-b59f-01aa75ed71a1&format=PDF&language=en&productionSystem=cellar&part=,https://op.europa.eu/o/opportal-service/download-handler?identifier=6bf54b59-7673-461b-b8e1-f24c545cbd3c&format=PDF&language=en&productionSystem=cellar&part=,RETRIEVAL_READY,0.7942,0.1925,54,59,139bec8af565fd30e1e6196b5643211b6f25b034d24350018317121f36f6dabd,full,title|case_context|subject_label|predicate_label|domain|semantic_type,,False,False,False,False,False,
EXT_E099,eu_regulation,TEMPORAL_VERSION,NAT_EU_CLP_2020_2174,https://op.europa.eu/o/opportal-service/download-handler?identifier=dec9f5e7-43f8-11eb-b59f-01aa75ed71a1&format=PDF&language=en&productionSystem=cellar&part=,https://op.europa.eu/o/opportal-service/download-handler?identifier=6bf54b59-7673-461b-b8e1-f24c545cbd3c&format=PDF&language=en&productionSystem=cellar&part=,RETRIEVAL_READY,0.8386,0.2052,53,60,2240325e128119f2bad4ebb107d8e592e8bc7f20135001c53f5557fabf057f51,full,title|case_context|subject_label|predicate_label|domain|semantic_type,,False,False,False,False,False,
EXT_E100,us_regulation,TEMPORAL_VERSION,NAT_SEC_CYBER_FEDREG_2023,https://www.federalregister.gov/documents/full_text/html/2023/08/04/2023-16194.html,https://www.federalregister.gov/documents/full_text/html/2022/03/23/2022-05480.html,RETRIEVAL_READY,0.6816,0.5133,56,55,9ef2a8763f7d0a1d61c45ebba6f94239c13d28886ae94f403dfd2179a2aab1b5,full,title|case_context|subject_label|predicate_label|domain|semantic_type,,False,False,False,False,False,
EXT_E101,us_regulation,TEMPORAL_VERSION,NAT_SEC_CYBER_FEDREG_2023,https://www.federalregister.gov/documents/full_text/html/2023/08/04/2023-16194.html,https://www.federalregister.gov/documents/full_text/html/2022/03/23/2022-05480.html,RETRIEVAL_READY,0.5282,0.5282,54,53,c8f81ab2494b7db691886201c98e915cc732b97329e7825b39e9229648bd77da,full,title|case_context|subject_label|predicate_label|domain|semantic_type,,False,False,False,False,False,
EXT_E102,us_regulation,TEMPORAL_VERSION,NAT_SEC_CYBER_FEDREG_2023,https://www.federalregister.gov/documents/full_text/html/2023/08/04/2023-16194.html,https://www.federalregister.gov/documents/full_text/html/2022/03/23/2022-05480.html,RETRIEVAL_READY,0.6333,0.5773,58,54,66fd03ec4de5d2fd0c022c27863761fc611df1fbdda359f81fc4b0bb60723492,full,title|case_context|subject_label|predicate_label|domain|semantic_type,,False,False,False,False,False,
EXT_E103,us_regulation,TEMPORAL_VERSION,NAT_SEC_CYBER_FEDREG_2023,https://www.federalregister.gov/documents/full_text/html/2023/08/04/2023-16194.html,https://www.federalregister.gov/documents/full_text/html/2022/03/23/2022-05480.html,RETRIEVAL_READY,0.6925,0.6451,54,57,adf95a4c1d949570ce2c7b270ff39aa5b2194a7073d2dc241c75664aa1d730b9,full,title|case_context|subject_label|predicate_label|domain|semantic_type,,False,False,False,False,False,
EXT_E104,us_regulation,TEMPORAL_VERSION,NAT_SEC_CYBER_FEDREG_2023,https://www.federalregister.gov/documents/full_text/html/2023/08/04/2023-16194.html,https://www.federalregister.gov/documents/full_text/html/2022/03/23/2022-05480.html,RETRIEVAL_READY,0.6317,0.6317,54,53,28652595859f2f7ac28030d008add8a08e909203da3cb516d7e7163d82e64c85,full,title|case_context|subject_label|predicate_label|domain|semantic_type,,False,False,False,False,False,
EXT_E105,us_regulation,TEMPORAL_VERSION,NAT_SEC_CYBER_FEDREG_2023,https://www.federalregister.gov/documents/full_text/html/2023/08/04/2023-16194.html,https://www.federalregister.gov/documents/full_text/html/2022/03/23/2022-05480.html,RETRIEVAL_READY,0.5997,0.5997,54,53,1515b406fac3a9aa34eefae8bb93e581afb62468610be547f4d7fe3db5e75c19,full,title|case_context|subject_label|predicate_label|domain|semantic_type,,False,False,False,False,False,
EXT_E106,us_regulation,TEMPORAL_VERSION,NAT_EPA_LCR_MAIN,https://www.gpo.gov/fdsys/pkg/FR-2007-10-10/pdf/E7-19432.pdf,https://www.gpo.gov/fdsys/pkg/FR-2000-01-12/pdf/00-3.pdf,RETRIEVAL_READY,0.6342,0.5627,58,60,579d58e643bf48a5f81669d935b391fcbbc7698b2a9eb72b14f505fff1a32272,full,title|case_context|subject_label|predicate_label|domain|semantic_type,,False,False,False,False,False,
EXT_E107,us_regulation,TEMPORAL_VERSION,NAT_EPA_LCR_MAIN,https://www.gpo.gov/fdsys/pkg/FR-2007-10-10/pdf/E7-19432.pdf,https://www.gpo.gov/fdsys/pkg/FR-2000-01-12/pdf/00-3.pdf,RETRIEVAL_READY,0.6342,0.5627,58,60,579d58e643bf48a5f81669d935b391fcbbc7698b2a9eb72b14f505fff1a32272,full,title|case_context|subject_label|predicate_label|domain|semantic_type,,False,False,False,False,False,
EXT_E108,us_regulation,TEMPORAL_VERSION,NAT_EPA_LCR_MAIN,https://www.gpo.gov/fdsys/pkg/FR-2007-10-10/pdf/E7-19432.pdf,https://www.gpo.gov/fdsys/pkg/FR-2000-01-12/pdf/00-3.pdf,RETRIEVAL_READY,0.331,0.2816,58,60,a12ac27528b4af493d0ad59cb39c5901b5e9ee727e01b6335bc32bab4190ad23,full,title|case_context|subject_label|predicate_label|domain|semantic_type,,False,False,False,False,False,
EXT_E109,us_regulation,TEMPORAL_VERSION,NAT_EPA_LCR_MAIN,https://www.gpo.gov/fdsys/pkg/FR-2007-10-10/pdf/E7-19432.pdf,https://www.gpo.gov/fdsys/pkg/FR-2000-01-12/pdf/00-3.pdf,RETRIEVAL_READY,0.2553,0.273,56,60,62ff2ad6a1884510408f6e6b6a0be2442abf665019f1309c9842e1fc12c3329f,full,title|case_context|subject_label|predicate_label|domain|semantic_type,,False,False,False,False,False,
EXT_E110,us_regulation,TEMPORAL_VERSION,NAT_EPA_LCR_MAIN,https://www.gpo.gov/fdsys/pkg/FR-2007-10-10/pdf/E7-19432.pdf,https://www.gpo.gov/fdsys/pkg/FR-2000-01-12/pdf/00-3.pdf,RETRIEVAL_READY,0.2292,0.2446,56,60,62ff2ad6a1884510408f6e6b6a0be2442abf665019f1309c9842e1fc12c3329f,full,title|case_context|subject_label|predicate_label|domain|semantic_type,,False,False,False,False,False,
EXT_E111,us_regulation,TEMPORAL_VERSION,NAT_EPA_LCR_MAIN,https://www.gpo.gov/fdsys/pkg/FR-2007-10-10/pdf/E7-19432.pdf,https://www.gpo.gov/fdsys/pkg/FR-2000-01-12/pdf/00-3.pdf,RETRIEVAL_READY,0.3402,0.3402,56,56,36c15557699f5dd3972bb3919928f289f034c79615ccecc5a4bde1cc45377ee5,full,title|case_context|subject_label|predicate_label|domain|semantic_type,,False,False,False,False,False,
EXT_E112,us_regulation,TEMPORAL_VERSION,NAT_EPA_LCR_MAIN,https://www.gpo.gov/fdsys/pkg/FR-2007-10-10/pdf/E7-19432.pdf,https://www.gpo.gov/fdsys/pkg/FR-2000-01-12/pdf/00-3.pdf,RETRIEVAL_READY,0.4359,0.4186,60,58,2d2d945dc3c3324dc53b9581a2038595d06afbc113a37b5c1e9ff6fe27d81e26,full,title|case_context|subject_label|predicate_label|domain|semantic_type,,False,False,False,False,False,
EXT_E113,us_regulation,TEMPORAL_VERSION,NAT_EPA_LCR_MAIN,https://www.gpo.gov/fdsys/pkg/FR-2007-10-10/pdf/E7-19432.pdf,https://www.gpo.gov/fdsys/pkg/FR-2000-01-12/pdf/00-3.pdf,RETRIEVAL_READY,0.3627,0.3627,56,60,aedd08bd2f2ef20f1ac54892d3da3be6bdafaaad01ecb8a2302341c3d6e4bd1d,full,title|case_context|subject_label|predicate_label|domain|semantic_type,,False,False,False,False,False,
EXT_E114,cybersecurity_controls,TEMPORAL_VERSION,NAT_NIST_CSF_20,https://doi.org/10.6028/NIST.CSWP.29,https://doi.org/10.6028/NIST.CSWP.04162018,RETRIEVAL_READY,0.48,0.52,55,56,988adb261506cf0a847adf0851cc11dc7fcf74c3d5d9c9e682c055c3de3726f8,full,title|case_context|subject_label|predicate_label|domain|semantic_type,,False,False,False,False,False,
EXT_E115,cybersecurity_controls,TEMPORAL_VERSION,NAT_NIST_CSF_20,https://doi.org/10.6028/NIST.CSWP.29,https://doi.org/10.6028/NIST.CSWP.04162018,RETRIEVAL_READY,0.4927,0.4292,53,54,2add26e7bc861f7bd4521bafaccac81f60543c4b58922edff629cba01fd91c6e,full,title|case_context|subject_label|predicate_label|domain|semantic_type,,False,False,False,False,False,
EXT_E116,cybersecurity_controls,TEMPORAL_VERSION,NAT_NIST_CSF_20,https://doi.org/10.6028/NIST.CSWP.29,https://doi.org/10.6028/NIST.CSWP.04162018,RETRIEVAL_READY,0.3963,0.32,53,56,24a02ae628822a4f831aa79959829ca72762264b570eeb855621f163c4519866,full,title|case_context|subject_label|predicate_label|domain|semantic_type,,False,False,False,False,False,
EXT_E117,cybersecurity_controls,TEMPORAL_VERSION,NAT_NIST_CSF_20,https://doi.org/10.6028/NIST.CSWP.29,https://doi.org/10.6028/NIST.CSWP.04162018,RETRIEVAL_READY,0.3899,0.3541,52,58,50e46143b5e17c9bd94fcdce060e2828124c9f72626ac565cc4b63af08136015,full,title|case_context|subject_label|predicate_label|domain|semantic_type,,False,False,False,False,False,
EXT_E118,cybersecurity_controls,TEMPORAL_VERSION,NAT_NIST_CSF_20,https://doi.org/10.6028/NIST.CSWP.29,https://doi.org/10.6028/NIST.CSWP.04162018,RETRIEVAL_READY,0.485,0.2475,55,51,905d7c9f9ee81b748f607334d833fb3ec7f4be33a93ce1ed38b130514b55e30d,full,title|case_context|subject_label|predicate_label|domain|semantic_type,,False,False,False,False,False,
EXT_E119,cybersecurity_controls,GENERAL_RULE_EXCEPTION,NAT_NIST_CSF_20,https://doi.org/10.6028/NIST.CSWP.29,https://doi.org/10.6028/NIST.CSWP.04162018,RETRIEVAL_READY,0.493,0.5548,51,60,ef6cfb308abbbdfedd1563e5965b0633bac20aa63a47bab4d855aa41872f2007,light,subject_label|predicate_label|domain|semantic_type,,False,False,False,False,False,
EXT_E120,cybersecurity_controls,GENERAL_RULE_EXCEPTION,NAT_NIST_CSF_20,https://doi.org/10.6028/NIST.CSWP.29,https://doi.org/10.6028/NIST.CSWP.04162018,RETRIEVAL_READY,0.5009,0.3228,49,51,8d11bef8d9de4c4e5d1fc37e0e1e5bae8886e3f95fb2b271b4250f2ea4ba8c70,full,title|case_context|subject_label|predicate_label|domain|semantic_type,,False,False,False,False,False,
EXT_E121,cybersecurity_controls,GENERAL_RULE_EXCEPTION,NAT_NIST_CSF_20,https://doi.org/10.6028/NIST.CSWP.29,https://doi.org/10.6028/NIST.CSWP.04162018,RETRIEVAL_READY,0.5345,0.3346,50,53,9a295e79f6b0de723c93e987b0533b3ba5360b55f0e67896fc300bc8b3860ffb,full,title|case_context|subject_label|predicate_label|domain|semantic_type,,False,False,False,False,False,
EXT_E122,cybersecurity_controls,GENERAL_RULE_EXCEPTION,NAT_NIST_CSF_20,https://doi.org/10.6028/NIST.CSWP.29,https://doi.org/10.6028/NIST.CSWP.04162018,RETRIEVAL_READY,0.4409,0.32,55,58,addbecfc69cdaa0a34ae496effb142f8d10cee53c3a561552b073e641f023fa1,full,title|case_context|subject_label|predicate_label|domain|semantic_type,,False,False,False,False,False,
EXT_E123,cybersecurity_controls,GENERAL_RULE_EXCEPTION,NAT_NIST_CSF_20,https://doi.org/10.6028/NIST.CSWP.29,https://doi.org/10.6028/NIST.CSWP.04162018,RETRIEVAL_READY,0.3367,0.2609,50,56,7a756036d652cca8375b60540755ba395d6ade3d6867f9b65a0a865b4e3d4be7,full,title|case_context|subject_label|predicate_label|domain|semantic_type,,False,False,False,False,False,
EXT_E124,cybersecurity_controls,GENERAL_RULE_EXCEPTION,NAT_NIST_CSF_20,https://doi.org/10.6028/NIST.CSWP.29,https://doi.org/10.6028/NIST.CSWP.04162018,RETRIEVAL_READY,0.3326,0.3292,55,58,033369c6b5ee2cf4fbdc284677d3df7a996c75eb1230acdeed6a52425145f986,full,title|case_context|subject_label|predicate_label|domain|semantic_type,,False,False,False,False,False,
EXT_E125,cybersecurity_controls,GENERAL_RULE_EXCEPTION,NAT_NIST_CSF_20,https://doi.org/10.6028/NIST.CSWP.29,https://doi.org/10.6028/NIST.CSWP.04162018,RETRIEVAL_READY,0.3346,0.3345,55,49,652a9f8db778d4d1483ae259f292f81b04cd76f7854c33cbfb5466a4c6a583fa,full,title|case_context|subject_label|predicate_label|domain|semantic_type,,False,False,False,False,False,
EXT_E126,cybersecurity_controls,GENERAL_RULE_EXCEPTION,NAT_NIST_CSF_20,https://doi.org/10.6028/NIST.CSWP.29,https://doi.org/10.6028/NIST.CSWP.04162018,RETRIEVAL_READY,0.3419,0.2713,51,51,023ea5df9bdc789410e20148628a5aaa1a433a30eccfa5f13657a957785f86ab,full,title|case_context|subject_label|predicate_label|domain|semantic_type,,False,False,False,False,False,
EXT_E127,cybersecurity_controls,GENERAL_RULE_EXCEPTION,NAT_NIST_CSF_20,https://doi.org/10.6028/NIST.CSWP.29,https://doi.org/10.6028/NIST.CSWP.04162018,RETRIEVAL_READY,0.4756,0.2392,55,51,7b288bd3c04039658be0487c7f392839073612fbfceaa10e01b7cc9454938585,full,title|case_context|subject_label|predicate_label|domain|semantic_type,,False,False,False,False,False,
EXT_E128,cybersecurity_controls,GENERAL_RULE_EXCEPTION,NAT_NIST_CSF_20,https://doi.org/10.6028/NIST.CSWP.29,https://doi.org/10.6028/NIST.CSWP.04162018,RETRIEVAL_READY,0.3247,0.2369,49,60,e0de186fb2c6ce0d39dcea76825c47c108b66321a9e36cb7cbf678c6db9beb9d,full,title|case_context|subject_label|predicate_label|domain|semantic_type,,False,False,False,False,False,
EXT_E129,cybersecurity_controls,GENERAL_RULE_EXCEPTION,NAT_NIST_CSF_20,https://doi.org/10.6028/NIST.CSWP.29,https://doi.org/10.6028/NIST.CSWP.04162018,RETRIEVAL_READY,0.5024,0.3541,52,55,9a5a6c802fe9192d568124f121a02727e6d26a77b02041a58012e8f2bbbcc48d,full,title|case_context|subject_label|predicate_label|domain|semantic_type,,False,False,False,False,False,
EXT_E130,cybersecurity_controls,GENERAL_RULE_EXCEPTION,NAT_NIST_CSF_20,https://doi.org/10.6028/NIST.CSWP.29,https://doi.org/10.6028/NIST.CSWP.04162018,RETRIEVAL_READY,0.4014,0.3263,52,58,5a0927dfb0827a27b1b324770f1d64757438774bdced9085949d247b6270c5ba,full,title|case_context|subject_label|predicate_label|domain|semantic_type,,False,False,False,False,False,
EXT_E131,cybersecurity_controls,GENERAL_RULE_EXCEPTION,NAT_NIST_CSF_20,https://doi.org/10.6028/NIST.CSWP.29,https://doi.org/10.6028/NIST.CSWP.04162018,RETRIEVAL_READY,0.5769,0.2779,52,48,0c16c652d6d3ca6613832fac3b258c902203b1f977e4957cb21a47cef96cc0cb,full,title|case_context|subject_label|predicate_label|domain|semantic_type,,False,False,False,False,False,
EXT_E132,cybersecurity_controls,GENERAL_RULE_EXCEPTION,NAT_NIST_CSF_20,https://doi.org/10.6028/NIST.CSWP.29,https://doi.org/10.6028/NIST.CSWP.04162018,RETRIEVAL_READY,0.4255,0.2993,53,56,7f79b165ac66f41f380b1d8de7da516fa3c2d5bc9f0dc6e675b0572f642d8a13,full,title|case_context|subject_label|predicate_label|domain|semantic_type,,False,False,False,False,False,
EXT_E133,cybersecurity_controls,GENERAL_RULE_EXCEPTION,NAT_NIST_CSF_20,https://doi.org/10.6028/NIST.CSWP.29,https://doi.org/10.6028/NIST.CSWP.04162018,RETRIEVAL_READY,0.3317,0.2976,55,54,b6f0075e25a0927b0bede5ad7c9f771b544da1292cc372e1488dc58a88637d57,full,title|case_context|subject_label|predicate_label|domain|semantic_type,,False,False,False,False,False,True
EXT_E134,privacy_framework,GENERAL_RULE_EXCEPTION,NAT_NIST_PRIVACY_11,https://nvlpubs.nist.gov/nistpubs/CSWP/NIST.CSWP.40.ipd.pdf,https://doi.org/10.6028/NIST.CSWP.01162020,RETRIEVAL_READY,0.5503,0.2572,54,50,dfb585083ddea5c85b5379e37e374e1680ed8d32b86d6d8ebf8648ae0e2de501,full,title|case_context|subject_label|predicate_label|domain|semantic_type,,False,False,False,False,False,
EXT_E136,privacy_framework,GENERAL_RULE_EXCEPTION,NAT_NIST_PRIVACY_11,https://nvlpubs.nist.gov/nistpubs/CSWP/NIST.CSWP.40.ipd.pdf,https://doi.org/10.6028/NIST.CSWP.01162020,RETRIEVAL_READY,0.5891,0.31,52,54,ae7ae75c9d93f9556dfe4716e8b2772aec28b5105ba0d51872c0c5c44dd79365,full,title|case_context|subject_label|predicate_label|domain|semantic_type,,False,False,False,False,False,
EXT_E137,privacy_framework,GENERAL_RULE_EXCEPTION,NAT_NIST_PRIVACY_11,https://nvlpubs.nist.gov/nistpubs/CSWP/NIST.CSWP.40.ipd.pdf,https://doi.org/10.6028/NIST.CSWP.01162020,RETRIEVAL_READY,0.3822,0.1689,58,58,8f109111766814754108ecc9a57082e1e5290c09a29c523af340924f864c8f45,full,title|case_context|subject_label|predicate_label|domain|semantic_type,,False,False,False,False,False,True
EXT_E139,privacy_framework,GENERAL_RULE_EXCEPTION,NAT_NIST_PRIVACY_11,https://nvlpubs.nist.gov/nistpubs/CSWP/NIST.CSWP.40.ipd.pdf,https://doi.org/10.6028/NIST.CSWP.01162020,RETRIEVAL_READY,0.5348,0.3292,54,53,3ea2d1825f040bf997012f1b17cbb16b5c2b3cfc368f2da92e28514e27b6ae95,full,title|case_context|subject_label|predicate_label|domain|semantic_type,,False,False,False,False,False,
EXT_E140,privacy_framework,GENERAL_RULE_EXCEPTION,NAT_NIST_PRIVACY_11,https://nvlpubs.nist.gov/nistpubs/CSWP/NIST.CSWP.40.ipd.pdf,https://doi.org/10.6028/NIST.CSWP.01162020,RETRIEVAL_READY,0.4809,0.2809,53,58,67db0a955d1f51562317ae606d99a802a652590943b2b143145b590659ee40de,full,title|case_context|subject_label|predicate_label|domain|semantic_type,,False,False,False,False,False,
EXT_E141,privacy_framework,GENERAL_RULE_EXCEPTION,NAT_NIST_PRIVACY_11,https://nvlpubs.nist.gov/nistpubs/CSWP/NIST.CSWP.40.ipd.pdf,https://doi.org/10.6028/NIST.CSWP.01162020,RETRIEVAL_READY,0.5826,0.2244,54,54,dfb585083ddea5c85b5379e37e374e1680ed8d32b86d6d8ebf8648ae0e2de501,full,title|case_context|subject_label|predicate_label|domain|semantic_type,,False,False,False,False,False,
EXT_E142,privacy_framework,GENERAL_RULE_EXCEPTION,NAT_NIST_PRIVACY_11,https://nvlpubs.nist.gov/nistpubs/CSWP/NIST.CSWP.40.ipd.pdf,https://doi.org/10.6028/NIST.CSWP.01162020,RETRIEVAL_READY,0.4893,0.2132,54,53,e3b0ed2ff0e9c98b737aa1d0bf0dbe12cee66cb960e148d2faf916fa9eeccf99,full,title|case_context|subject_label|predicate_label|domain|semantic_type,,False,False,False,False,False,
EXT_E144,privacy_framework,GENERAL_RULE_EXCEPTION,NAT_NIST_PRIVACY_11,https://nvlpubs.nist.gov/nistpubs/CSWP/NIST.CSWP.40.ipd.pdf,https://doi.org/10.6028/NIST.CSWP.01162020,RETRIEVAL_READY,0.3129,0.1769,54,55,95cedf40b78b1947e3dfca5d4c30cb0243664e183539513664320c8d0d04e414,full,title|case_context|subject_label|predicate_label|domain|semantic_type,,False,False,False,False,False,True
EXT_E145,privacy_framework,GENERAL_RULE_EXCEPTION,NAT_NIST_PRIVACY_11,https://nvlpubs.nist.gov/nistpubs/CSWP/NIST.CSWP.40.ipd.pdf,https://doi.org/10.6028/NIST.CSWP.01162020,RETRIEVAL_READY,0.6763,0.2625,54,58,dfb585083ddea5c85b5379e37e374e1680ed8d32b86d6d8ebf8648ae0e2de501,full,title|case_context|subject_label|predicate_label|domain|semantic_type,,False,False,False,False,False,
EXT_E146,privacy_framework,GENERAL_RULE_EXCEPTION,NAT_NIST_PRIVACY_11,https://nvlpubs.nist.gov/nistpubs/CSWP/NIST.CSWP.40.ipd.pdf,https://doi.org/10.6028/NIST.CSWP.01162020,RETRIEVAL_READY,0.5,0.2209,54,50,dfb585083ddea5c85b5379e37e374e1680ed8d32b86d6d8ebf8648ae0e2de501,full,title|case_context|subject_label|predicate_label|domain|semantic_type,,False,False,False,False,False,
EXT_E147,privacy_framework,GENERAL_RULE_EXCEPTION,NAT_NIST_PRIVACY_11,https://nvlpubs.nist.gov/nistpubs/CSWP/NIST.CSWP.40.ipd.pdf,https://doi.org/10.6028/NIST.CSWP.01162020,RETRIEVAL_READY,0.5153,0.3222,54,57,fc50e704c54b3149cf3673b0e6a3349cbe7f20d99ea2dbd030fc8d107809f020,full,title|case_context|subject_label|predicate_label|domain|semantic_type,,False,False,False,False,False,
EXT_E148,privacy_framework,GENERAL_RULE_EXCEPTION,NAT_NIST_PRIVACY_11,https://nvlpubs.nist.gov/nistpubs/CSWP/NIST.CSWP.40.ipd.pdf,https://doi.org/10.6028/NIST.CSWP.01162020,RETRIEVAL_READY,0.5572,0.2288,54,60,dfb585083ddea5c85b5379e37e374e1680ed8d32b86d6d8ebf8648ae0e2de501,full,title|case_context|subject_label|predicate_label|domain|semantic_type,,False,False,False,False,False,
EXT_E149,privacy_framework,GENERAL_RULE_EXCEPTION,NAT_NIST_PRIVACY_11,https://nvlpubs.nist.gov/nistpubs/CSWP/NIST.CSWP.40.ipd.pdf,https://doi.org/10.6028/NIST.CSWP.01162020,RETRIEVAL_READY,0.4953,0.2175,54,54,df3fa056a7c7b095a1f6e5d51a8568e6f148e5408360a47db1853ef0de8aa6c1,full,title|case_context|subject_label|predicate_label|domain|semantic_type,,False,False,False,False,False,
EXT_E153,privacy_framework,GENERAL_RULE_EXCEPTION,NAT_NIST_PRIVACY_11,https://nvlpubs.nist.gov/nistpubs/CSWP/NIST.CSWP.40.ipd.pdf,https://doi.org/10.6028/NIST.CSWP.01162020,RETRIEVAL_READY,0.2434,0.1376,53,52,442ff597f089689fb83930a323303a20bcd882112dd3cc5ad6724d9b96e469fd,full,title|case_context|subject_label|predicate_label|domain|semantic_type,,False,False,False,False,False,True
EXT_E154,ai_regulation,GENERAL_RULE_EXCEPTION,NAT_EU_AI_ACT_EURLEX,https://op.europa.eu/o/opportal-service/download-handler?identifier=dc8116a1-3fe6-11ef-865a-01aa75ed71a1&format=PDF&language=en&productionSystem=cellar&part=,https://op.europa.eu/o/opportal-service/download-handler?identifier=e0649735-a372-11eb-9585-01aa75ed71a1&format=PDF&language=en&productionSystem=cellar&part=,RETRIEVAL_READY,0.7446,0.3336,58,54,79a123d8e2916094caf492efcb1623f086cf9437e7d4e3f34a028908fa57ce42,full,title|case_context|subject_label|predicate_label|domain|semantic_type,,False,False,False,False,False,
EXT_E155,ai_regulation,GENERAL_RULE_EXCEPTION,NAT_EU_AI_ACT_EURLEX,https://op.europa.eu/o/opportal-service/download-handler?identifier=dc8116a1-3fe6-11ef-865a-01aa75ed71a1&format=PDF&language=en&productionSystem=cellar&part=,https://op.europa.eu/o/opportal-service/download-handler?identifier=e0649735-a372-11eb-9585-01aa75ed71a1&format=PDF&language=en&productionSystem=cellar&part=,RETRIEVAL_READY,0.6901,0.4759,58,57,8cce1c7afba20986d362152dba2c96c8db74b632618af272966feeac6a4ff800,full,title|case_context|subject_label|predicate_label|domain|semantic_type,,False,False,False,False,False,
EXT_E156,ai_regulation,GENERAL_RULE_EXCEPTION,NAT_EU_AI_ACT_EURLEX,https://op.europa.eu/o/opportal-service/download-handler?identifier=dc8116a1-3fe6-11ef-865a-01aa75ed71a1&format=PDF&language=en&productionSystem=cellar&part=,https://op.europa.eu/o/opportal-service/download-handler?identifier=e0649735-a372-11eb-9585-01aa75ed71a1&format=PDF&language=en&productionSystem=cellar&part=,RETRIEVAL_READY,0.722,0.3442,58,60,8b6dba59052b74b62e3853d11d031e21dae71729b4970cd8fff92a109332fb14,full,title|case_context|subject_label|predicate_label|domain|semantic_type,,False,False,False,False,False,
EXT_E157,ai_regulation,GENERAL_RULE_EXCEPTION,NAT_EU_AI_ACT_EURLEX,https://op.europa.eu/o/opportal-service/download-handler?identifier=dc8116a1-3fe6-11ef-865a-01aa75ed71a1&format=PDF&language=en&productionSystem=cellar&part=,https://op.europa.eu/o/opportal-service/download-handler?identifier=e0649735-a372-11eb-9585-01aa75ed71a1&format=PDF&language=en&productionSystem=cellar&part=,RETRIEVAL_READY,0.6741,0.3836,58,56,28c39dc95a0d0788d3a2243ab197d813a0241360bc6bb406066bf3ab09444f50,full,title|case_context|subject_label|predicate_label|domain|semantic_type,,False,False,False,False,False,
EXT_E160,ai_regulation,GENERAL_RULE_EXCEPTION,NAT_EU_AI_ACT_EURLEX,https://op.europa.eu/o/opportal-service/download-handler?identifier=dc8116a1-3fe6-11ef-865a-01aa75ed71a1&format=PDF&language=en&productionSystem=cellar&part=,https://op.europa.eu/o/opportal-service/download-handler?identifier=e0649735-a372-11eb-9585-01aa75ed71a1&format=PDF&language=en&productionSystem=cellar&part=,RETRIEVAL_READY,0.6846,0.313,58,55,5b36e9c88322b072af875d85dc472470ae25089a8d9185cf3ce7a71b4eb139e8,full,title|case_context|subject_label|predicate_label|domain|semantic_type,,False,False,False,False,False,
EXT_E161,ai_regulation,GENERAL_RULE_EXCEPTION,NAT_EU_AI_ACT_EURLEX,https://op.europa.eu/o/opportal-service/download-handler?identifier=dc8116a1-3fe6-11ef-865a-01aa75ed71a1&format=PDF&language=en&productionSystem=cellar&part=,https://op.europa.eu/o/opportal-service/download-handler?identifier=e0649735-a372-11eb-9585-01aa75ed71a1&format=PDF&language=en&productionSystem=cellar&part=,RETRIEVAL_READY,0.7095,0.3138,58,56,85ac2d99a19d13a0fc6f57f7750ec358a0d10b83df06a7fee7daf658d71922c7,full,title|case_context|subject_label|predicate_label|domain|semantic_type,,False,False,False,False,False,
EXT_E162,ai_regulation,GENERAL_RULE_EXCEPTION,NAT_EU_AI_ACT_EURLEX,https://op.europa.eu/o/opportal-service/download-handler?identifier=dc8116a1-3fe6-11ef-865a-01aa75ed71a1&format=PDF&language=en&productionSystem=cellar&part=,https://op.europa.eu/o/opportal-service/download-handler?identifier=e0649735-a372-11eb-9585-01aa75ed71a1&format=PDF&language=en&productionSystem=cellar&part=,RETRIEVAL_READY,0.7035,0.3104,58,59,59ef3739c332dfa8c1a64292e95a4cb89f30a8b4fa540f16a56bb44aa8667dc7,full,title|case_context|subject_label|predicate_label|domain|semantic_type,,False,False,False,False,False,
EXT_E163,ai_regulation,GENERAL_RULE_EXCEPTION,NAT_EU_AI_ACT_EURLEX,https://op.europa.eu/o/opportal-service/download-handler?identifier=dc8116a1-3fe6-11ef-865a-01aa75ed71a1&format=PDF&language=en&productionSystem=cellar&part=,https://op.europa.eu/o/opportal-service/download-handler?identifier=e0649735-a372-11eb-9585-01aa75ed71a1&format=PDF&language=en&productionSystem=cellar&part=,RETRIEVAL_READY,0.7095,0.3138,58,53,19dc79f0be60721df648bf7f9c44b3d72fe2847c334f6f3efb32043ff9eed752,full,title|case_context|subject_label|predicate_label|domain|semantic_type,,False,False,False,False,False,
EXT_E164,ai_regulation,GENERAL_RULE_EXCEPTION,NAT_EU_AI_ACT_EURLEX,https://op.europa.eu/o/opportal-service/download-handler?identifier=dc8116a1-3fe6-11ef-865a-01aa75ed71a1&format=PDF&language=en&productionSystem=cellar&part=,https://op.europa.eu/o/opportal-service/download-handler?identifier=e0649735-a372-11eb-9585-01aa75ed71a1&format=PDF&language=en&productionSystem=cellar&part=,RETRIEVAL_READY,0.7308,0.3756,58,52,6f122cc831db662494413d18a2501c9090ac71a1cc4ad13769dd2ff018290bc5,full,title|case_context|subject_label|predicate_label|domain|semantic_type,,False,False,False,False,False,
EXT_E165,ai_regulation,CROSS_SENTENCE_SCOPE,NAT_EU_AI_ACT_EURLEX,https://op.europa.eu/o/opportal-service/download-handler?identifier=dc8116a1-3fe6-11ef-865a-01aa75ed71a1&format=PDF&language=en&productionSystem=cellar&part=,https://op.europa.eu/o/opportal-service/download-handler?identifier=e0649735-a372-11eb-9585-01aa75ed71a1&format=PDF&language=en&productionSystem=cellar&part=,RETRIEVAL_READY,0.6957,0.306,58,54,79a123d8e2916094caf492efcb1623f086cf9437e7d4e3f34a028908fa57ce42,full,title|case_context|subject_label|predicate_label|domain|semantic_type,,False,False,False,False,False,
EXT_E166,ai_regulation,CROSS_SENTENCE_SCOPE,NAT_EU_AI_ACT_EURLEX,https://op.europa.eu/o/opportal-service/download-handler?identifier=dc8116a1-3fe6-11ef-865a-01aa75ed71a1&format=PDF&language=en&productionSystem=cellar&part=,https://op.europa.eu/o/opportal-service/download-handler?identifier=e0649735-a372-11eb-9585-01aa75ed71a1&format=PDF&language=en&productionSystem=cellar&part=,RETRIEVAL_READY,0.6625,0.2872,58,53,ad23a1181d44e0ca410e0afb156cd7279f2435b1b10d6cdad6e72af7573bd06d,full,title|case_context|subject_label|predicate_label|domain|semantic_type,,False,False,False,False,False,
EXT_E167,ai_regulation,CROSS_SENTENCE_SCOPE,NAT_EU_AI_ACT_EURLEX,https://op.europa.eu/o/opportal-service/download-handler?identifier=dc8116a1-3fe6-11ef-865a-01aa75ed71a1&format=PDF&language=en&productionSystem=cellar&part=,https://op.europa.eu/o/opportal-service/download-handler?identifier=e0649735-a372-11eb-9585-01aa75ed71a1&format=PDF&language=en&productionSystem=cellar&part=,RETRIEVAL_READY,0.6674,0.3784,58,53,af27ed13ae49a0402dccbf46a8c927d56d4c47f4c6c5c30f0393fa054b19cb40,full,title|case_context|subject_label|predicate_label|domain|semantic_type,,False,False,False,False,False,
EXT_E168,ai_regulation,CROSS_SENTENCE_SCOPE,NAT_EU_AI_ACT_EURLEX,https://op.europa.eu/o/opportal-service/download-handler?identifier=dc8116a1-3fe6-11ef-865a-01aa75ed71a1&format=PDF&language=en&productionSystem=cellar&part=,https://op.europa.eu/o/opportal-service/download-handler?identifier=e0649735-a372-11eb-9585-01aa75ed71a1&format=PDF&language=en&productionSystem=cellar&part=,RETRIEVAL_READY,0.6793,0.3491,58,59,a413533cdc30265835626094fab1a891fb3166f373fb20836da24d5587b46b9b,full,title|case_context|subject_label|predicate_label|domain|semantic_type,,False,False,False,False,False,
EXT_E169,ai_regulation,CROSS_SENTENCE_SCOPE,NAT_EU_AI_ACT_EURLEX,https://op.europa.eu/o/opportal-service/download-handler?identifier=dc8116a1-3fe6-11ef-865a-01aa75ed71a1&format=PDF&language=en&productionSystem=cellar&part=,https://op.europa.eu/o/opportal-service/download-handler?identifier=e0649735-a372-11eb-9585-01aa75ed71a1&format=PDF&language=en&productionSystem=cellar&part=,RETRIEVAL_READY,0.6625,0.3123,58,52,cecf7965ceb098a346e5429c2a4f5b21cda8b72b6c6bde9aa61684c3ef063a01,full,title|case_context|subject_label|predicate_label|domain|semantic_type,,False,False,False,False,False,
EXT_E170,ai_regulation,CROSS_SENTENCE_SCOPE,NAT_EU_AI_ACT_EURLEX,https://op.europa.eu/o/opportal-service/download-handler?identifier=dc8116a1-3fe6-11ef-865a-01aa75ed71a1&format=PDF&language=en&productionSystem=cellar&part=,https://op.europa.eu/o/opportal-service/download-handler?identifier=e0649735-a372-11eb-9585-01aa75ed71a1&format=PDF&language=en&productionSystem=cellar&part=,RETRIEVAL_READY,0.7277,0.2957,58,55,d68c8920866fdffd18a6860daace3db97a74c2d6e04417cb2e70cad874f3af7e,full,title|case_context|subject_label|predicate_label|domain|semantic_type,,False,False,False,False,False,
EXT_E171,ai_regulation,CROSS_SENTENCE_SCOPE,NAT_EU_AI_ACT_EURLEX,https://op.europa.eu/o/opportal-service/download-handler?identifier=dc8116a1-3fe6-11ef-865a-01aa75ed71a1&format=PDF&language=en&productionSystem=cellar&part=,https://op.europa.eu/o/opportal-service/download-handler?identifier=e0649735-a372-11eb-9585-01aa75ed71a1&format=PDF&language=en&productionSystem=cellar&part=,RETRIEVAL_READY,0.6846,0.3652,58,59,d614457b9de82bc7e924ee9704f59251752e63872f4f03be07188b38e93f5ff9,full,title|case_context|subject_label|predicate_label|domain|semantic_type,,False,False,False,False,False,
EXT_E172,ai_regulation,CROSS_SENTENCE_SCOPE,NAT_EU_AI_ACT_EURLEX,https://op.europa.eu/o/opportal-service/download-handler?identifier=dc8116a1-3fe6-11ef-865a-01aa75ed71a1&format=PDF&language=en&productionSystem=cellar&part=,https://op.europa.eu/o/opportal-service/download-handler?identifier=e0649735-a372-11eb-9585-01aa75ed71a1&format=PDF&language=en&productionSystem=cellar&part=,RETRIEVAL_READY,0.6901,0.3028,58,53,79a123d8e2916094caf492efcb1623f086cf9437e7d4e3f34a028908fa57ce42,full,title|case_context|subject_label|predicate_label|domain|semantic_type,,False,False,False,False,False,
EXT_E173,ai_regulation,CROSS_SENTENCE_SCOPE,NAT_EU_AI_ACT_EURLEX,https://op.europa.eu/o/opportal-service/download-handler?identifier=dc8116a1-3fe6-11ef-865a-01aa75ed71a1&format=PDF&language=en&productionSystem=cellar&part=,https://op.europa.eu/o/opportal-service/download-handler?identifier=e0649735-a372-11eb-9585-01aa75ed71a1&format=PDF&language=en&productionSystem=cellar&part=,RETRIEVAL_READY,0.6901,0.3028,58,53,79a123d8e2916094caf492efcb1623f086cf9437e7d4e3f34a028908fa57ce42,full,title|case_context|subject_label|predicate_label|domain|semantic_type,,False,False,False,False,False,
EXT_E174,medical_device_cybersecurity,CROSS_SENTENCE_SCOPE,NAT_FDA_MED_CYBER_MAIN,https://www.federalregister.gov/documents/full_text/html/2025/06/27/2025-11669.html,https://www.federalregister.gov/documents/full_text/html/2023/09/29/2023-21450.html,RETRIEVAL_READY,0.5435,0.1864,42,50,5348b884efa2d32b1334aff3073c0abadd2448d97676408da9b6013833aa78cb,full,title|case_context|subject_label|predicate_label|domain|semantic_type,,False,False,False,False,False,
EXT_E175,medical_device_cybersecurity,CROSS_SENTENCE_SCOPE,NAT_FDA_MED_CYBER_MAIN,https://www.federalregister.gov/documents/full_text/html/2025/06/27/2025-11669.html,https://www.federalregister.gov/documents/full_text/html/2023/09/29/2023-21450.html,RETRIEVAL_READY,0.6954,0.1559,42,43,0b91e7771140173885edb701b5d71325d17e5c4905888eec380e1409f6ca92d7,full,title|case_context|subject_label|predicate_label|domain|semantic_type,,False,False,False,False,False,
EXT_E176,medical_device_cybersecurity,CROSS_SENTENCE_SCOPE,NAT_FDA_MED_CYBER_MAIN,https://www.federalregister.gov/documents/full_text/html/2025/06/27/2025-11669.html,https://www.federalregister.gov/documents/full_text/html/2023/09/29/2023-21450.html,RETRIEVAL_READY,0.5951,0.2,40,43,585213360860b33e84593a287fe596ddc1f68a4e0b7b8147e992448cd8b0da42,full,title|case_context|subject_label|predicate_label|domain|semantic_type,,False,False,False,False,False,
EXT_E177,medical_device_cybersecurity,CROSS_SENTENCE_SCOPE,NAT_FDA_MED_CYBER_MAIN,https://www.federalregister.gov/documents/full_text/html/2025/06/27/2025-11669.html,https://www.federalregister.gov/documents/full_text/html/2023/09/29/2023-21450.html,RETRIEVAL_READY,0.6062,0.0863,41,39,c474ac761393ae688626b436721b6f513558c9559ac8d278d25bb88867109cc6,full,title|case_context|subject_label|predicate_label|domain|semantic_type,,False,False,False,False,False,
EXT_E178,medical_device_cybersecurity,CROSS_SENTENCE_SCOPE,NAT_FDA_MED_CYBER_MAIN,https://www.federalregister.gov/documents/full_text/html/2025/06/27/2025-11669.html,https://www.federalregister.gov/documents/full_text/html/2023/09/29/2023-21450.html,RETRIEVAL_READY,0.6026,0.0953,42,39,5348b884efa2d32b1334aff3073c0abadd2448d97676408da9b6013833aa78cb,full,title|case_context|subject_label|predicate_label|domain|semantic_type,,False,False,False,False,False,
EXT_E179,medical_device_cybersecurity,CROSS_SENTENCE_SCOPE,NAT_FDA_MED_CYBER_MAIN,https://www.federalregister.gov/documents/full_text/html/2025/06/27/2025-11669.html,https://www.federalregister.gov/documents/full_text/html/2023/09/29/2023-21450.html,RETRIEVAL_READY,0.6026,0.0953,42,39,f2965e2ab209a975a339aae97f198d52e0a0e6fd1c3ec52bf47d5756c68ea7fc,full,title|case_context|subject_label|predicate_label|domain|semantic_type,,False,False,False,False,False,
EXT_E180,medical_device_cybersecurity,CROSS_SENTENCE_SCOPE,NAT_FDA_MED_CYBER_MAIN,https://www.federalregister.gov/documents/full_text/html/2025/06/27/2025-11669.html,https://www.federalregister.gov/documents/full_text/html/2023/09/29/2023-21450.html,RETRIEVAL_READY,0.5574,0.0913,44,39,1492f3eacb5bcdf9d78c641a7796acdccab618e7783e4421f06afc6ffb440a43,full,title|case_context|subject_label|predicate_label|domain|semantic_type,,False,False,False,False,False,
EXT_E181,medical_device_cybersecurity,CROSS_SENTENCE_SCOPE,NAT_FDA_MED_CYBER_PDF,https://public-inspection.federalregister.gov/2016-31406.pdf,https://public-inspection.federalregister.gov/2016-01172.pdf,RETRIEVAL_READY,0.5074,0.5074,44,50,ffca5cb27fe168d1b2660de8c45b51142a8bf9688e0ea86f40ee713406a0a8d1,full,title|case_context|subject_label|predicate_label|domain|semantic_type,,False,False,False,False,False,
EXT_E183,medical_device_cybersecurity,CROSS_SENTENCE_SCOPE,NAT_FDA_MED_CYBER_MAIN,https://www.federalregister.gov/documents/full_text/html/2025/06/27/2025-11669.html,https://www.federalregister.gov/documents/full_text/html/2023/09/29/2023-21450.html,RETRIEVAL_READY,0.5051,0.0913,43,39,725f4e205af4ff33eb44f29502abbde0b25c86a42a3202d7759039c38dfd4407,full,title|case_context|subject_label|predicate_label|domain|semantic_type,,False,False,False,False,False,
EXT_E184,medical_device_cybersecurity,CROSS_SENTENCE_SCOPE,NAT_FDA_MED_CYBER_MAIN,https://www.federalregister.gov/documents/full_text/html/2025/06/27/2025-11669.html,https://www.federalregister.gov/documents/full_text/html/2023/09/29/2023-21450.html,RETRIEVAL_READY,0.4864,0.0886,42,39,99ef0a14f32255459e969f738fc9e82563f01d4c89fc1610a67cbfed4c073933,full,title|case_context|subject_label|predicate_label|domain|semantic_type,,False,False,False,False,False,
EXT_E185,medical_device_cybersecurity,CROSS_SENTENCE_SCOPE,NAT_FDA_MED_CYBER_MAIN,https://www.federalregister.gov/documents/full_text/html/2025/06/27/2025-11669.html,https://www.federalregister.gov/documents/full_text/html/2023/09/29/2023-21450.html,RETRIEVAL_READY,0.674,0.1484,42,39,d28920b2747629374168e06d2a5762ee0a79932c0142b93738a0163384f671b6,full,title|case_context|subject_label|predicate_label|domain|semantic_type,,False,False,False,False,False,
EXT_E186,medical_device_cybersecurity,CROSS_SENTENCE_SCOPE,NAT_FDA_MED_CYBER_MAIN,https://www.federalregister.gov/documents/full_text/html/2025/06/27/2025-11669.html,https://www.federalregister.gov/documents/full_text/html/2023/09/29/2023-21450.html,RETRIEVAL_READY,0.5722,0.0896,42,39,6dddc27881e87770a45961e6b0e6e9eee33a14161cae5865854341c94d7a4864,full,title|case_context|subject_label|predicate_label|domain|semantic_type,,False,False,False,False,False,
EXT_E187,medical_device_cybersecurity,CROSS_SENTENCE_SCOPE,NAT_FDA_MED_CYBER_PDF,https://public-inspection.federalregister.gov/2016-31406.pdf,https://public-inspection.federalregister.gov/2016-01172.pdf,RETRIEVAL_READY,0.4431,0.4431,44,51,b4d42ef4ff9df17b06a706a4544b317ece72bb20193c3358181b33199e4e8edc,full,title|case_context|subject_label|predicate_label|domain|semantic_type,,False,False,False,False,False,
EXT_E188,medical_device_cybersecurity,CROSS_SENTENCE_SCOPE,NAT_FDA_MED_CYBER_PDF,https://public-inspection.federalregister.gov/2016-31406.pdf,https://public-inspection.federalregister.gov/2016-01172.pdf,RETRIEVAL_READY,0.4221,0.4221,45,52,0a45e02937d46140c64d1737262aeb538a07fdc188e3a587da6e6e1fdc704b97,full,title|case_context|subject_label|predicate_label|domain|semantic_type,,False,False,False,False,False,
EXT_E189,medical_device_cybersecurity,CROSS_SENTENCE_SCOPE,NAT_FDA_MED_CYBER_PDF,https://public-inspection.federalregister.gov/2016-31406.pdf,https://public-inspection.federalregister.gov/2016-01172.pdf,RETRIEVAL_READY,0.5583,0.5583,46,49,1bfe670827b5da900e82afbfe27a05a541f49e1f4ec9713037b6d7666b15345f,full,title|case_context|subject_label|predicate_label|domain|semantic_type,,False,False,False,False,False,
EXT_E190,medical_device_cybersecurity,CROSS_SENTENCE_SCOPE,NAT_FDA_MED_CYBER_PDF,https://public-inspection.federalregister.gov/2016-31406.pdf,https://public-inspection.federalregister.gov/2016-01172.pdf,RETRIEVAL_READY,0.3993,0.3993,45,50,8a4441377c1b8101b454c7c313824d0dc53effc6fe4cebcab4f6df38da7a921b,full,title|case_context|subject_label|predicate_label|domain|semantic_type,,False,False,False,False,False,
EXT_E191,medical_device_cybersecurity,CROSS_SENTENCE_SCOPE,NAT_FDA_MED_CYBER_MAIN,https://www.federalregister.gov/documents/full_text/html/2025/06/27/2025-11669.html,https://www.federalregister.gov/documents/full_text/html/2023/09/29/2023-21450.html,RETRIEVAL_READY,0.4993,0.0905,42,39,073c3dfbf10cad0de4cb0548869044a2f6cac04aca6417258cc25698734064ed,full,title|case_context|subject_label|predicate_label|domain|semantic_type,,False,False,False,False,False,
EXT_E192,medical_device_cybersecurity,CROSS_SENTENCE_SCOPE,NAT_FDA_MED_CYBER_PDF,https://public-inspection.federalregister.gov/2016-31406.pdf,https://public-inspection.federalregister.gov/2016-01172.pdf,RETRIEVAL_READY,0.4555,0.4555,47,51,0a9cdc1a1f759e7a14f4ed1c961c10efcd5acab6864bee3c3fc09cb6b94fb835,full,title|case_context|subject_label|predicate_label|domain|semantic_type,,False,False,False,False,False,
EXT_E193,medical_device_cybersecurity,CROSS_SENTENCE_SCOPE,NAT_FDA_MED_CYBER_MAIN,https://www.federalregister.gov/documents/full_text/html/2025/06/27/2025-11669.html,https://www.federalregister.gov/documents/full_text/html/2023/09/29/2023-21450.html,RETRIEVAL_READY,0.5381,0.1616,40,46,555a2be61d69d9a27a853870311477685b1ba775043f10d85cfe590fea2c2cbc,full,title|case_context|subject_label|predicate_label|domain|semantic_type,,False,False,False,False,False,
EXT_E195,sustainability_reporting,CROSS_SENTENCE_SCOPE,NAT_IFRS_S2,https://www.ifrs.org/content/dam/ifrs/supporting-implementation/issb-standards/applying-ifrs-s1-reporting-only-climate-related-disclosures-accordance-ifrs-s2.pdf,https://www.ifrs.org/content/dam/ifrs/project/general-sustainability-related-disclosures/project-summary.pdf,RETRIEVAL_READY,0.7095,0.7095,52,55,ef015832d54806bf4189421ff1ee7eeec5d914f08208d23609000b10dfc6dfa7,full,title|case_context|subject_label|predicate_label|domain|semantic_type,,False,False,False,False,False,
EXT_E196,sustainability_reporting,CROSS_SENTENCE_SCOPE,NAT_IFRS_S1,https://www.ifrs.org/content/dam/ifrs/project/general-sustainability-related-disclosures/effects-analysis.pdf,https://www.ifrs.org/content/dam/ifrs/project/general-sustainability-related-disclosures/project-summary.pdf,RETRIEVAL_READY,0.7031,0.7031,57,56,bbac43a1323edecdaa720242ba629dd82915d1c0ef27720d77ad054dccc72d12,full,title|case_context|subject_label|predicate_label|domain|semantic_type,,False,False,False,False,False,
EXT_E197,sustainability_reporting,CROSS_SENTENCE_SCOPE,NAT_IFRS_S1,https://www.ifrs.org/content/dam/ifrs/project/general-sustainability-related-disclosures/effects-analysis.pdf,https://www.ifrs.org/content/dam/ifrs/project/general-sustainability-related-disclosures/project-summary.pdf,RETRIEVAL_READY,0.608,0.608,57,56,5e7ba6472868aa52eeb4cd810c2373759e6c619f2d82f5b21e887bd3b7049d1a,full,title|case_context|subject_label|predicate_label|domain|semantic_type,,False,False,False,False,False,
EXT_E198,sustainability_reporting,CROSS_SENTENCE_SCOPE,NAT_IFRS_SUPPORT_S1,https://www.ifrs.org/content/dam/ifrs/supporting-implementation/ifrs-s1/using-sasb-standards-for-ifrs-s1.pdf,https://www.ifrs.org/content/dam/ifrs/project/general-sustainability-related-disclosures/project-summary.pdf,RETRIEVAL_READY,0.615,0.615,45,58,c173842f1dddca5d9ca2321b07634830b2c03024767114b5e5504acc26be3c16,full,title|case_context|subject_label|predicate_label|domain|semantic_type,,False,False,False,False,False,
EXT_E199,sustainability_reporting,CROSS_SENTENCE_SCOPE,NAT_IFRS_S1,https://www.ifrs.org/content/dam/ifrs/project/general-sustainability-related-disclosures/effects-analysis.pdf,https://www.ifrs.org/content/dam/ifrs/project/general-sustainability-related-disclosures/project-summary.pdf,RETRIEVAL_READY,0.6785,0.6785,59,59,9db72c931e4eb4a1d0356110e39c5d6630135cf9e1403ff106df90faf838a6e4,full,title|case_context|subject_label|predicate_label|domain|semantic_type,,False,False,False,False,False,
EXT_E200,sustainability_reporting,CROSS_SENTENCE_SCOPE,NAT_IFRS_S1,https://www.ifrs.org/content/dam/ifrs/project/general-sustainability-related-disclosures/effects-analysis.pdf,https://www.ifrs.org/content/dam/ifrs/project/general-sustainability-related-disclosures/project-summary.pdf,RETRIEVAL_READY,0.6844,0.6844,59,59,41ce59089b255a1410716f98aabaa4ddbfb15824126ef12e5b86155e2d455697,full,title|case_context|subject_label|predicate_label|domain|semantic_type,,False,False,False,False,False,
EXT_E201,sustainability_reporting,CROSS_SENTENCE_SCOPE,NAT_IFRS_S1,https://www.ifrs.org/content/dam/ifrs/project/general-sustainability-related-disclosures/effects-analysis.pdf,https://www.ifrs.org/content/dam/ifrs/project/general-sustainability-related-disclosures/project-summary.pdf,RETRIEVAL_READY,0.66,0.66,59,59,73ba2fa444ba563dca496d621502796ddd1bda81d7b5bb0fb58e6435724a4662,full,title|case_context|subject_label|predicate_label|domain|semantic_type,,False,False,False,False,False,
EXT_E202,sustainability_reporting,CROSS_SENTENCE_SCOPE,NAT_IFRS_S1,https://www.ifrs.org/content/dam/ifrs/project/general-sustainability-related-disclosures/effects-analysis.pdf,https://www.ifrs.org/content/dam/ifrs/project/general-sustainability-related-disclosures/project-summary.pdf,RETRIEVAL_READY,0.66,0.66,59,59,b85060636aa3edb87307912db9ab6ac70f0a0cc9c3ea7153a4b2edd889761e20,full,title|case_context|subject_label|predicate_label|domain|semantic_type,,False,False,False,False,False,
EXT_E203,sustainability_reporting,CROSS_SENTENCE_SCOPE,NAT_IFRS_S1,https://www.ifrs.org/content/dam/ifrs/project/general-sustainability-related-disclosures/effects-analysis.pdf,https://www.ifrs.org/content/dam/ifrs/project/general-sustainability-related-disclosures/project-summary.pdf,RETRIEVAL_READY,0.8757,0.8757,56,51,bf5ae106f962269951276bd083fa30d44c630f82999e4e13a84cfae464f56ad0,full,title|case_context|subject_label|predicate_label|domain|semantic_type,,False,False,False,False,False,
EXT_E205,sustainability_reporting,CROSS_SENTENCE_SCOPE,NAT_IFRS_S2,https://www.ifrs.org/content/dam/ifrs/supporting-implementation/issb-standards/applying-ifrs-s1-reporting-only-climate-related-disclosures-accordance-ifrs-s2.pdf,https://www.ifrs.org/content/dam/ifrs/project/general-sustainability-related-disclosures/project-summary.pdf,RETRIEVAL_READY,0.6138,0.8053,50,55,a77a93e7b267ce1093d4626c4e475e1adf4ba4ab4e9cf250d8bbe62be25023df,full,title|case_context|subject_label|predicate_label|domain|semantic_type,,False,False,False,False,False,
EXT_E206,sustainability_reporting,CROSS_SENTENCE_SCOPE,NAT_IFRS_S2,https://www.ifrs.org/content/dam/ifrs/supporting-implementation/issb-standards/applying-ifrs-s1-reporting-only-climate-related-disclosures-accordance-ifrs-s2.pdf,https://www.ifrs.org/content/dam/ifrs/project/general-sustainability-related-disclosures/project-summary.pdf,RETRIEVAL_READY,0.6606,0.7469,48,56,072055a2e5a3bc8198137aa7014c0cc16c8e1e147fc04a0a01509d6d75efc65f,full,title|case_context|subject_label|predicate_label|domain|semantic_type,,False,False,False,False,False,
EXT_E207,sustainability_reporting,CROSS_SENTENCE_SCOPE,NAT_IFRS_S2,https://www.ifrs.org/content/dam/ifrs/supporting-implementation/issb-standards/applying-ifrs-s1-reporting-only-climate-related-disclosures-accordance-ifrs-s2.pdf,https://www.ifrs.org/content/dam/ifrs/project/general-sustainability-related-disclosures/project-summary.pdf,RETRIEVAL_READY,0.6024,0.6766,49,55,a19f978db414b298827758647beb03d766d712e2e251bba1fb920c41f4934594,full,title|case_context|subject_label|predicate_label|domain|semantic_type,,False,False,False,False,False,
EXT_E208,sustainability_reporting,CROSS_SENTENCE_SCOPE,NAT_IFRS_S2,https://www.ifrs.org/content/dam/ifrs/supporting-implementation/issb-standards/applying-ifrs-s1-reporting-only-climate-related-disclosures-accordance-ifrs-s2.pdf,https://www.ifrs.org/content/dam/ifrs/project/general-sustainability-related-disclosures/project-summary.pdf,RETRIEVAL_READY,0.5984,0.6717,49,55,2994056cd652028473aa7f33e7fdef10113f6dad3fdae159ce8ad999641f67b9,full,title|case_context|subject_label|predicate_label|domain|semantic_type,,False,False,False,False,False,
EXT_E209,sustainability_reporting,CROSS_SENTENCE_SCOPE,NAT_IFRS_S2,https://www.ifrs.org/content/dam/ifrs/supporting-implementation/issb-standards/applying-ifrs-s1-reporting-only-climate-related-disclosures-accordance-ifrs-s2.pdf,https://www.ifrs.org/content/dam/ifrs/project/general-sustainability-related-disclosures/project-summary.pdf,RETRIEVAL_READY,0.664,0.7335,53,53,99a5f9cf499bef3c743fde936a5de29eabf89c7f45c8de6859da3c7a5b0befde,full,title|case_context|subject_label|predicate_label|domain|semantic_type,,False,False,False,False,False,
EXT_E210,sustainability_reporting,CROSS_SENTENCE_SCOPE,NAT_IFRS_S2,https://www.ifrs.org/content/dam/ifrs/supporting-implementation/issb-standards/applying-ifrs-s1-reporting-only-climate-related-disclosures-accordance-ifrs-s2.pdf,https://www.ifrs.org/content/dam/ifrs/project/general-sustainability-related-disclosures/project-summary.pdf,RETRIEVAL_READY,0.6834,0.7578,50,57,279963b3d7516587edb846070a520fb8c86631ab990a6fb5a384f161d8699079,full,title|case_context|subject_label|predicate_label|domain|semantic_type,,False,False,False,False,False,
EXT_E211,sustainability_reporting,CROSS_SENTENCE_SCOPE,NAT_IFRS_S2,https://www.ifrs.org/content/dam/ifrs/supporting-implementation/issb-standards/applying-ifrs-s1-reporting-only-climate-related-disclosures-accordance-ifrs-s2.pdf,https://www.ifrs.org/content/dam/ifrs/project/general-sustainability-related-disclosures/project-summary.pdf,RETRIEVAL_READY,0.6886,0.7639,50,57,04cc5403d932dd43c1c7b4a41e484f7eb45a6f7589e39c87a41aae15994c952c,full,title|case_context|subject_label|predicate_label|domain|semantic_type,,False,False,False,False,False,
EXT_E212,sustainability_reporting,CROSS_SENTENCE_SCOPE,NAT_IFRS_S2,https://www.ifrs.org/content/dam/ifrs/supporting-implementation/issb-standards/applying-ifrs-s1-reporting-only-climate-related-disclosures-accordance-ifrs-s2.pdf,https://www.ifrs.org/content/dam/ifrs/project/general-sustainability-related-disclosures/project-summary.pdf,RETRIEVAL_READY,0.6669,0.7601,49,57,ef62ab9219c11c7078e159d4ae3ee798681d6689a2b457e2f235b611b9717fc0,full,title|case_context|subject_label|predicate_label|domain|semantic_type,,False,False,False,False,False,
EXT_E213,sustainability_reporting,CROSS_SENTENCE_SCOPE,NAT_IFRS_S2,https://www.ifrs.org/content/dam/ifrs/supporting-implementation/issb-standards/applying-ifrs-s1-reporting-only-climate-related-disclosures-accordance-ifrs-s2.pdf,https://www.ifrs.org/content/dam/ifrs/project/general-sustainability-related-disclosures/project-summary.pdf,RETRIEVAL_READY,0.7254,0.7401,45,55,8405a8dc43cd7a94cf6fa2fc7d28544c663dbaf8893859aecf6defa812726954,full,title|case_context|subject_label|predicate_label|domain|semantic_type,,False,False,False,False,False,
