role,event_id,privacy,path,sha256,bytes,mtime_utc,row_index
benchmark_readme,,public,benchmark\external-real-v1\README.md,83f7dc55fae404821a73a0cb540e289c810d6d8aed570f13e75649c093c87754,382,2026-08-26T12:18:57.168207+00:00,
built_artifact,EXT_E001,public,benchmark\external-real-v1\built\candidate-owls\EXT_E001\CAND_001.owl,d997b03149af588974709830bd373db3a37e5686400532e229c9f44584be6504,1795,2026-08-26T12:44:56.171714+00:00,
built_artifact,EXT_E001,public,benchmark\external-real-v1\built\candidate-owls\EXT_E001\CAND_002.owl,a127580b977e06b8be912320ee5a2ecf6f2ec8623fa036b204fa5c37d340b02a,1820,2026-08-26T12:44:56.171714+00:00,
built_artifact,EXT_E001,public,benchmark\external-real-v1\built\candidate-owls\EXT_E001\CAND_003.owl,0d5bb3f016383132f3a29c1271ecfccca918927b30dabd58b0bab18c666284ad,1821,2026-08-26T12:44:56.171714+00:00,
built_artifact,EXT_E002,public,benchmark\external-real-v1\built\candidate-owls\EXT_E002\CAND_001.owl,317ccdd9f0b4fd87ba268d255e9aee67556fb1553bf5ec8a8e87144a873bd6f3,1838,2026-08-26T12:55:06.764707+00:00,
built_artifact,EXT_E002,public,benchmark\external-real-v1\built\candidate-owls\EXT_E002\CAND_002.owl,19a5a16e76e511a57ba91a4aa1a78a7b086a7b9c42e2fa1db921e4fc9db40f8a,1881,2026-08-26T12:55:06.764707+00:00,
built_artifact,EXT_E002,public,benchmark\external-real-v1\built\candidate-owls\EXT_E002\CAND_003.owl,dc19998ea4fbebfb5108ed5d665f4f612537c4c055bd11325005b3ee1a86227d,1836,2026-08-26T12:55:06.764707+00:00,
built_artifact,EXT_E003,public,benchmark\external-real-v1\built\candidate-owls\EXT_E003\CAND_001.owl,1033b20a4e2aa92d9c54dbcf332f3507130ba913a5a619e7c0529889c19d88d0,1838,2026-08-26T12:55:06.766163+00:00,
built_artifact,EXT_E003,public,benchmark\external-real-v1\built\candidate-owls\EXT_E003\CAND_002.owl,4337cd1e18b8a2c19427a466ab60259c2685cb187004447e629df54e955fb381,1829,2026-08-26T12:55:06.766163+00:00,
built_artifact,EXT_E003,public,benchmark\external-real-v1\built\candidate-owls\EXT_E003\CAND_003.owl,3ba32044b3564377228103eae6d18a85072a4f37619c8ae5b55f94d36536aa75,1826,2026-08-26T12:55:06.766163+00:00,
built_artifact,EXT_E004,public,benchmark\external-real-v1\built\candidate-owls\EXT_E004\CAND_001.owl,9207d7b8af807d4c6da7d4713257c9e55e06ae7cfdd18383ddfa5270faffb738,1837,2026-08-26T13:10:20.198264+00:00,
built_artifact,EXT_E004,public,benchmark\external-real-v1\built\candidate-owls\EXT_E004\CAND_002.owl,27198f4abcdf558633e2378a3dc7d6b4291e9e31300a02da2b054c4ec6a25e17,1840,2026-08-26T13:10:20.198264+00:00,
built_artifact,EXT_E004,public,benchmark\external-real-v1\built\candidate-owls\EXT_E004\CAND_003.owl,d89524003261f001736f923f2517832e8f6a86ee52ef2df25a9c9fbb3dc3b23c,1841,2026-08-26T13:10:20.198264+00:00,
built_artifact,EXT_E005,public,benchmark\external-real-v1\built\candidate-owls\EXT_E005\CAND_001.owl,68ad7d6d5db499e1df297c7a683d59c6d146c756e057bd06ad0036b96fd3336b,1837,2026-08-26T13:10:20.198264+00:00,
built_artifact,EXT_E005,public,benchmark\external-real-v1\built\candidate-owls\EXT_E005\CAND_002.owl,19b2a29d43136d6517b11aa1b89d49bc91a3a0f803b72e5c1dcc4deb9e8564b8,1841,2026-08-26T13:10:20.199574+00:00,
built_artifact,EXT_E005,public,benchmark\external-real-v1\built\candidate-owls\EXT_E005\CAND_003.owl,7914adf34cd2f608545ec0b934e228d08dba1597d1cd0e37380fa46bdaaa7418,1840,2026-08-26T13:10:20.199574+00:00,
built_artifact,EXT_E006,public,benchmark\external-real-v1\built\candidate-owls\EXT_E006\CAND_001.owl,8bf2e785efbceab7910a7ab3cd13b4d0a5e7d6bcd4076fb39904118279c333b3,1837,2026-08-26T13:10:20.199574+00:00,
built_artifact,EXT_E006,public,benchmark\external-real-v1\built\candidate-owls\EXT_E006\CAND_002.owl,1bbd57f214d087394617a2eae666b2cf4eb3ee1a3faea3a51478362e1f2d4612,1841,2026-08-26T13:10:20.200575+00:00,
built_artifact,EXT_E006,public,benchmark\external-real-v1\built\candidate-owls\EXT_E006\CAND_003.owl,881058250a2a3a23662e75aef0b6ad492cf1adb72b1800e543e81797860119d5,1840,2026-08-26T13:10:20.200575+00:00,
built_artifact,EXT_E007,public,benchmark\external-real-v1\built\candidate-owls\EXT_E007\CAND_001.owl,ab70e2a8a87c011923c0640a171ae909ba696ee9778c09f7bb30684e62e96e56,1836,2026-08-26T13:10:20.200575+00:00,
built_artifact,EXT_E007,public,benchmark\external-real-v1\built\candidate-owls\EXT_E007\CAND_002.owl,bd96dc26a150bd01b27628809c144788521a12946a5ab8d9c7f18e60d453fe43,1838,2026-08-26T13:10:20.200575+00:00,
built_artifact,EXT_E007,public,benchmark\external-real-v1\built\candidate-owls\EXT_E007\CAND_003.owl,7c14a59fc20d761cdc93fe17feeaa16143283c707f91eb8b64a18110381ba5a4,1839,2026-08-26T13:10:20.200575+00:00,
built_artifact,EXT_E008,public,benchmark\external-real-v1\built\candidate-owls\EXT_E008\CAND_001.owl,6dedc1e2abc633f536e71f6ef450e2254d49d55a71a9547abd4806b4af7bea5d,1836,2026-08-26T13:10:20.202080+00:00,
built_artifact,EXT_E008,public,benchmark\external-real-v1\built\candidate-owls\EXT_E008\CAND_002.owl,768bed89512ddcd0e94e24b8a2c34266c4786f209c1e076eb59f62739b41992a,1838,2026-08-26T13:10:20.202080+00:00,
built_artifact,EXT_E008,public,benchmark\external-real-v1\built\candidate-owls\EXT_E008\CAND_003.owl,6f64049e8c7fc159c615dcb742bb3ab378f62477c1246be4055af5e8e2213283,1839,2026-08-26T13:10:20.202080+00:00,
built_artifact,EXT_E009,public,benchmark\external-real-v1\built\candidate-owls\EXT_E009\CAND_001.owl,bf91de9c5faf3641aac6463ef2a7dd72f56c2e565a738d09013231d8568a3d3d,1836,2026-08-26T13:10:20.202080+00:00,
built_artifact,EXT_E009,public,benchmark\external-real-v1\built\candidate-owls\EXT_E009\CAND_002.owl,c5996aec96ead5530f23f03f82c62d86c89f88f3b38cbd08b8c81e21ef838b9a,1837,2026-08-26T13:10:20.202080+00:00,
built_artifact,EXT_E009,public,benchmark\external-real-v1\built\candidate-owls\EXT_E009\CAND_003.owl,77f7ccb04b7ac0ddcbe478f5508b798b5bceed35bc2652210adac3d113731741,1838,2026-08-26T13:10:20.203502+00:00,
built_artifact,EXT_E010,public,benchmark\external-real-v1\built\candidate-owls\EXT_E010\CAND_001.owl,6bd8d5c99aec5f5dd8cdaf785e9b1bd1210194921a4a438250f15b01297e1c46,1836,2026-08-26T13:10:20.203502+00:00,
built_artifact,EXT_E010,public,benchmark\external-real-v1\built\candidate-owls\EXT_E010\CAND_002.owl,02a098270c4326eb3ae5b2611ae528b1768772c2d54d6a9607936c884ae0c637,1837,2026-08-26T13:10:20.203502+00:00,
built_artifact,EXT_E010,public,benchmark\external-real-v1\built\candidate-owls\EXT_E010\CAND_003.owl,5e9d7f391c8267e8972688c02f91aaedfe94da54553337ddbce3f22e6ddf32c0,1838,2026-08-26T13:10:20.203502+00:00,
built_artifact,EXT_E011,public,benchmark\external-real-v1\built\candidate-owls\EXT_E011\CAND_001.owl,49868a68ca2cbe1d02094edbfeac276467145512f93f8107c0ed3d5d0ca65672,1836,2026-08-26T13:10:20.204499+00:00,
built_artifact,EXT_E011,public,benchmark\external-real-v1\built\candidate-owls\EXT_E011\CAND_002.owl,1096a43091a278150179fefc054d1b3a568a3658ff75da69b9a4c53dbd56c869,1838,2026-08-26T13:10:20.204499+00:00,
built_artifact,EXT_E011,public,benchmark\external-real-v1\built\candidate-owls\EXT_E011\CAND_003.owl,bac0375b7750457beb9ff7284f6cd1560f2601a286131d85366f80d0e72f4036,1839,2026-08-26T13:10:20.204499+00:00,
built_artifact,EXT_E012,public,benchmark\external-real-v1\built\candidate-owls\EXT_E012\CAND_001.owl,ef34079d992a3f0587610b7a64aadad277f18b2e64f67c160e956136f85b08d4,1836,2026-08-26T13:10:20.205501+00:00,
built_artifact,EXT_E012,public,benchmark\external-real-v1\built\candidate-owls\EXT_E012\CAND_002.owl,5ec6cd2c68afcb53e810b8910c8667418a0f988a0af4e37d49c312ac2e6f3772,1839,2026-08-26T13:10:20.205501+00:00,
built_artifact,EXT_E012,public,benchmark\external-real-v1\built\candidate-owls\EXT_E012\CAND_003.owl,5b0aba1d415ad3aef363dc18aecacb28486960643fc21f310926b9ceeaa1859c,1838,2026-08-26T13:10:20.205501+00:00,
built_artifact,EXT_E013,public,benchmark\external-real-v1\built\candidate-owls\EXT_E013\CAND_001.owl,37f6a3e9c99872ca0d78c5f4f377b08e668580e51bba53a9bd8758e869c5ec2d,1851,2026-08-26T13:10:20.205501+00:00,
built_artifact,EXT_E013,public,benchmark\external-real-v1\built\candidate-owls\EXT_E013\CAND_002.owl,4e095cd05c6d456818765a7916f8d69f8f1ceace1b1a28577f65054631fa6c22,1859,2026-08-26T13:10:20.205501+00:00,
built_artifact,EXT_E013,public,benchmark\external-real-v1\built\candidate-owls\EXT_E013\CAND_003.owl,7de429e27e0d52733b6ece461183392d888e95109c92994fd2acec88d5cfcd76,1860,2026-08-26T13:10:20.207005+00:00,
built_artifact,EXT_E014,public,benchmark\external-real-v1\built\candidate-owls\EXT_E014\CAND_001.owl,f97286f60c96358c394832c5c306c3f477096c00ef3c1a2938ecc2096360aea4,1851,2026-08-26T13:10:20.207005+00:00,
built_artifact,EXT_E014,public,benchmark\external-real-v1\built\candidate-owls\EXT_E014\CAND_002.owl,3e01511e73d65e0baaaa91fd48293b1ea802517e11fa62420dbc98ea1e66d27c,1859,2026-08-26T13:10:20.207005+00:00,
built_artifact,EXT_E014,public,benchmark\external-real-v1\built\candidate-owls\EXT_E014\CAND_003.owl,1cfc832282dcf0f77091bf7f7450339ac9b03cf016cadc17afebdb2fa82a702d,1860,2026-08-26T13:10:20.207005+00:00,
built_artifact,EXT_E015,public,benchmark\external-real-v1\built\candidate-owls\EXT_E015\CAND_001.owl,db45eb18753110c3decbceda7f8342c8369952f9357720ff1d6307fa92bf9c19,1851,2026-08-26T13:10:20.208117+00:00,
built_artifact,EXT_E015,public,benchmark\external-real-v1\built\candidate-owls\EXT_E015\CAND_002.owl,fb682853520dfe8e87ed738b03ed77ea5e35f764c49e164d36aa8200462936ba,1860,2026-08-26T13:10:20.208117+00:00,
built_artifact,EXT_E015,public,benchmark\external-real-v1\built\candidate-owls\EXT_E015\CAND_003.owl,f9e1073e85bc42e942d1b687e69465eef199a2099c9c663870e2f3aed76fb89a,1859,2026-08-26T13:10:20.208117+00:00,
built_artifact,EXT_E016,public,benchmark\external-real-v1\built\candidate-owls\EXT_E016\CAND_001.owl,7bd3e002fede60810d45e85453277ecfab74ae72c165a00f99bb74dbf745a3af,1852,2026-08-26T13:10:20.209122+00:00,
built_artifact,EXT_E016,public,benchmark\external-real-v1\built\candidate-owls\EXT_E016\CAND_002.owl,943e829501baaf963f3cc77a9367ee6cd3a81a84d5a0b8f9f2e57055eb1e1e91,1861,2026-08-26T13:10:20.209122+00:00,
built_artifact,EXT_E016,public,benchmark\external-real-v1\built\candidate-owls\EXT_E016\CAND_003.owl,d995becadb72719b9422cfd6bfe32fdfe94f9534cb691c1057bd9d43ea7f90a1,1862,2026-08-26T13:10:20.209122+00:00,
built_artifact,EXT_E017,public,benchmark\external-real-v1\built\candidate-owls\EXT_E017\CAND_001.owl,e8e8b3d6cc4789da4f22d2c07aa53488f999f692c2c6246fdeaa9da4ebfa3146,1852,2026-08-26T13:10:20.210123+00:00,
built_artifact,EXT_E017,public,benchmark\external-real-v1\built\candidate-owls\EXT_E017\CAND_002.owl,f6932b0866a14998970bcad40261ea700536aa36d9cea892aa4823696cab4756,1861,2026-08-26T13:10:20.210123+00:00,
built_artifact,EXT_E017,public,benchmark\external-real-v1\built\candidate-owls\EXT_E017\CAND_003.owl,c884fc69a6ee057f33d179772feba435ba0fa7639887643cd515ea84e80840a9,1862,2026-08-26T13:10:20.210123+00:00,
built_artifact,EXT_E018,public,benchmark\external-real-v1\built\candidate-owls\EXT_E018\CAND_001.owl,c0316bf5195bbc2429ab843e4ce936d5c5f0e7fc3884708439f9d3a5b8d0f584,1852,2026-08-26T13:10:20.210123+00:00,
built_artifact,EXT_E018,public,benchmark\external-real-v1\built\candidate-owls\EXT_E018\CAND_002.owl,e78d075ef0a555202f72ef7f550bf6e74402b10ae13cbba8170c5c5777416aeb,1861,2026-08-26T13:10:20.210123+00:00,
built_artifact,EXT_E018,public,benchmark\external-real-v1\built\candidate-owls\EXT_E018\CAND_003.owl,8155327229cb95056d731a71a406155f2bffcada5b438d9202f99a6f6f076e33,1862,2026-08-26T13:10:20.210123+00:00,
built_artifact,EXT_E019,public,benchmark\external-real-v1\built\candidate-owls\EXT_E019\CAND_001.owl,e90382c59f13336a022273c1fdb57bf0dedc926eddd921bffa9b101da63a5183,1852,2026-08-26T13:10:20.211425+00:00,
built_artifact,EXT_E019,public,benchmark\external-real-v1\built\candidate-owls\EXT_E019\CAND_002.owl,3bce08739417f8ca4c330f20da8d92b9f57b8e57235de847922fd8628663389b,1861,2026-08-26T13:10:20.211425+00:00,
built_artifact,EXT_E019,public,benchmark\external-real-v1\built\candidate-owls\EXT_E019\CAND_003.owl,2d59b4ccfaf0508528ef23becaa82ec6e39ea67203d38baca9d684c6eacace01,1862,2026-08-26T13:10:20.211425+00:00,
built_artifact,EXT_E020,public,benchmark\external-real-v1\built\candidate-owls\EXT_E020\CAND_001.owl,6a89b51ebccefa7ab9754365b511f598726a900aac5b2d2f37ed987a0c9be4e9,1851,2026-08-26T13:10:20.212452+00:00,
built_artifact,EXT_E020,public,benchmark\external-real-v1\built\candidate-owls\EXT_E020\CAND_002.owl,fb7baf5199ad8e5dc79e306e5c1d12c5848cbf52b542585fa7ea69bf0e22bc1e,1858,2026-08-26T13:10:20.212452+00:00,
built_artifact,EXT_E020,public,benchmark\external-real-v1\built\candidate-owls\EXT_E020\CAND_003.owl,5c498ef0d86cee538b2f04c87588aba6b1eaf5edd928e1b6d83e1b0c9e2b613c,1859,2026-08-26T13:10:20.212452+00:00,
built_artifact,EXT_E021,public,benchmark\external-real-v1\built\candidate-owls\EXT_E021\CAND_001.owl,fc8365fbc604c2e161c25e6210a985fd9be4a61025bd86c13ea19e2a44896631,1851,2026-08-26T13:10:20.213454+00:00,
built_artifact,EXT_E021,public,benchmark\external-real-v1\built\candidate-owls\EXT_E021\CAND_002.owl,a17933a98b1d00a8ebeb63a1d1250e6195d18b1a1d132992f286a402b8b2b75f,1859,2026-08-26T13:10:20.213454+00:00,
built_artifact,EXT_E021,public,benchmark\external-real-v1\built\candidate-owls\EXT_E021\CAND_003.owl,e07f13965ee00f7ac461aee68d629f102eb77ecc74f91bede5e8b993160227e6,1860,2026-08-26T13:10:20.213454+00:00,
built_artifact,EXT_E022,public,benchmark\external-real-v1\built\candidate-owls\EXT_E022\CAND_001.owl,fd76f17afa9e28245c1995ce33a14d3fcd6b6d9de3c3a8760e6c9aad438dc842,1830,2026-08-26T13:10:20.214453+00:00,
built_artifact,EXT_E022,public,benchmark\external-real-v1\built\candidate-owls\EXT_E022\CAND_002.owl,91f4c1dd831d928c640fd18c24da6095267cc9c3ccb544adaf01e53136e64c60,1836,2026-08-26T13:10:20.214453+00:00,
built_artifact,EXT_E022,public,benchmark\external-real-v1\built\candidate-owls\EXT_E022\CAND_003.owl,ac370b7590678f0b25e50e3ee6bf3373ad6338fc21cbe84e0a1805ff35169db3,1837,2026-08-26T13:10:20.214453+00:00,
built_artifact,EXT_E023,public,benchmark\external-real-v1\built\candidate-owls\EXT_E023\CAND_001.owl,0a7ca4b064f95d9414beac0c89306b06791a9707fb0a29ceed5023f383382935,1830,2026-08-26T13:10:20.214453+00:00,
built_artifact,EXT_E023,public,benchmark\external-real-v1\built\candidate-owls\EXT_E023\CAND_002.owl,79b1f749f553dfcffff7544d01bb24ed4ee3d7ea6e9d59e71bbd377436320f5d,1836,2026-08-26T13:10:20.215450+00:00,
built_artifact,EXT_E023,public,benchmark\external-real-v1\built\candidate-owls\EXT_E023\CAND_003.owl,08364348db0a18cc7eba3c2e5a1369ddc11c1d433dedd21272f6f11420c57796,1837,2026-08-26T13:10:20.215450+00:00,
built_artifact,EXT_E024,public,benchmark\external-real-v1\built\candidate-owls\EXT_E024\CAND_001.owl,d120c4a4f6a66bf8aaf23b60bbe7ee7b5c913e99ca937594d94c0d25395cd2f2,1830,2026-08-26T13:10:20.215450+00:00,
built_artifact,EXT_E024,public,benchmark\external-real-v1\built\candidate-owls\EXT_E024\CAND_002.owl,ae87300e6718ac596050e10fa745ad1c1321033449f858390ef095437c52d86b,1836,2026-08-26T13:10:20.215450+00:00,
built_artifact,EXT_E024,public,benchmark\external-real-v1\built\candidate-owls\EXT_E024\CAND_003.owl,baef5ce3db7e1ba9a34ed776225e04b09632326f6eddfab327a8dc1467ce8e78,1837,2026-08-26T13:10:20.216451+00:00,
built_artifact,EXT_E025,public,benchmark\external-real-v1\built\candidate-owls\EXT_E025\CAND_001.owl,44f9fd82262e41013107547e13616c298f4ab93098040f5b8b58190af79d1053,1835,2026-08-26T13:10:20.216451+00:00,
built_artifact,EXT_E025,public,benchmark\external-real-v1\built\candidate-owls\EXT_E025\CAND_002.owl,58549189b972cd775663d6d6bb716f5578240f83536b828f29f01609f84fe3a9,1849,2026-08-26T13:10:20.216451+00:00,
built_artifact,EXT_E025,public,benchmark\external-real-v1\built\candidate-owls\EXT_E025\CAND_003.owl,4da65d696626679f4d5b6b47f1fccd329c5286f94b22ddcbaa2262d992330c2a,1856,2026-08-26T13:10:20.217451+00:00,
built_artifact,EXT_E026,public,benchmark\external-real-v1\built\candidate-owls\EXT_E026\CAND_001.owl,d04ee0c217d371872e365a0a08d8b498e1a14c3eb19cea0a103ed8be5d495548,1841,2026-08-26T13:10:20.217451+00:00,
built_artifact,EXT_E026,public,benchmark\external-real-v1\built\candidate-owls\EXT_E026\CAND_002.owl,3c55effde230c74b3d4c14caf54a2687276936f2ed8e2adb37c8e07db9487851,1858,2026-08-26T13:10:20.217451+00:00,
built_artifact,EXT_E026,public,benchmark\external-real-v1\built\candidate-owls\EXT_E026\CAND_003.owl,9a7d6627f7c6c62f886e7f05287d3fb8154a9cb63fdc5f742082604f2ecfea08,1868,2026-08-26T13:10:20.217451+00:00,
built_artifact,EXT_E027,public,benchmark\external-real-v1\built\candidate-owls\EXT_E027\CAND_001.owl,7cbc14937e83390426d6ea383373e60c4c15933ade4cdddc62fbe89336eb5a8f,1848,2026-08-26T13:10:20.218706+00:00,
built_artifact,EXT_E027,public,benchmark\external-real-v1\built\candidate-owls\EXT_E027\CAND_002.owl,746ca2de5904643ce2df593f343de5f5310ce2939c9d720b7c0fed71cbdf6270,1863,2026-08-26T13:10:20.218706+00:00,
built_artifact,EXT_E027,public,benchmark\external-real-v1\built\candidate-owls\EXT_E027\CAND_003.owl,df76296e19ca658aed8931e927faf238eb5082872ffe04faf9213a17a2e63f96,1882,2026-08-26T13:10:20.218706+00:00,
built_artifact,EXT_E028,public,benchmark\external-real-v1\built\candidate-owls\EXT_E028\CAND_001.owl,7cc1736d69d1a8c3856f7d8c2ada3ea66bb70a341a514db6e763e161e5c4e9d1,1841,2026-08-26T13:10:20.219711+00:00,
built_artifact,EXT_E028,public,benchmark\external-real-v1\built\candidate-owls\EXT_E028\CAND_002.owl,e4043f585d4ac2f1c9f0595639f0150d04f12b46134d7fe833a1c13a833d23dc,1866,2026-08-26T13:10:20.219711+00:00,
built_artifact,EXT_E028,public,benchmark\external-real-v1\built\candidate-owls\EXT_E028\CAND_003.owl,8584cc90eb56f7e0c202833cda4d19c87aee14d1cf0b905d00066ee28feac2a4,1868,2026-08-26T13:10:20.219711+00:00,
built_artifact,EXT_E029,public,benchmark\external-real-v1\built\candidate-owls\EXT_E029\CAND_001.owl,ce1391324b7a8f1527018516c6454c22cae50e9996fecf0dd2a8075a18f0f676,1842,2026-08-26T13:10:20.219711+00:00,
built_artifact,EXT_E029,public,benchmark\external-real-v1\built\candidate-owls\EXT_E029\CAND_002.owl,45a960fc7d04b855d2979da79849e23a1510eb92ff8e6d103acb97f2304ec076,1861,2026-08-26T13:10:20.219711+00:00,
built_artifact,EXT_E029,public,benchmark\external-real-v1\built\candidate-owls\EXT_E029\CAND_003.owl,e4ae9d3e4899e4f1a3622b8e6e84762e415678483c253321378b4a3340c69b27,1870,2026-08-26T13:10:20.221146+00:00,
built_artifact,EXT_E030,public,benchmark\external-real-v1\built\candidate-owls\EXT_E030\CAND_001.owl,0f63b54d89788862df40e2cfbb4115efed190f54826b2b6e8675df19cf4c5b18,1835,2026-08-26T13:10:20.221146+00:00,
built_artifact,EXT_E030,public,benchmark\external-real-v1\built\candidate-owls\EXT_E030\CAND_002.owl,714f8bc7723bdfcac6ab7d0c8db21ab2c492a493b25bac0dc59e4ebe8893a991,1839,2026-08-26T13:10:20.221146+00:00,
built_artifact,EXT_E030,public,benchmark\external-real-v1\built\candidate-owls\EXT_E030\CAND_003.owl,3c74c0b789fd37bd2ac96e6fb87f4e5e9f0987662554af256bf05d373831c047,1856,2026-08-26T13:10:20.221146+00:00,
candidate_row,EXT_E001,public,,0562517a3cdaba09386a278f0c8df07695d34c04719eee8f1fd19947c4a84012,,,2
candidate_row,EXT_E001,public,,30144be3f0b1eaf0e47043bc5c89579801fc7f104104118fba9ea56efb858833,,,3
candidate_row,EXT_E001,public,,095e97c36cedc0b8218b670c6ed7215e0317de72b869b82d1e6454e0f660245d,,,4
candidate_row,EXT_E002,public,,0ddea432928c3d0a8865d10dd71f3f1aac2461603a4f114d783ef903cf263f9a,,,5
candidate_row,EXT_E002,public,,b6d78b61114abd499ebbe85894630c74a73a6b8c0a689765ee2e762637169b1c,,,6
candidate_row,EXT_E002,public,,12bf07b5b50e7eb351dc9d196baea682f6da6604b951aa31a7f6e9f217e54d1a,,,7
candidate_row,EXT_E003,public,,700dea4b32db4e440827219a5bb63b28a8c7531a91576a478a51c33371bc286e,,,10
candidate_row,EXT_E003,public,,9d2d2319025aa4493fb9c35678213fcfa55bffeed365da79175ac65e6419e001,,,8
candidate_row,EXT_E003,public,,186ae2adacdb85ab2e082f73405185337ae2ed93bcc39561898b012eb15ed3de,,,9
candidate_row,EXT_E004,public,,30c8d1b576c6c31696414f2c5d527b0b927af5cd9df5cfc1e2c4c45d6564d4a9,,,11
candidate_row,EXT_E004,public,,cdf649bb8b7651310cd992a80bd75cd1c5ddf7fb74866ec333f77776eeb6b867,,,12
candidate_row,EXT_E004,public,,07cf5c67028ada22e560de20e57e6c777d9e6376f488ece48ebe8c8ce2651f7b,,,13
candidate_row,EXT_E005,public,,d242d155d1cb20de5e9aaa3ee5f3b288849cae521236edddc1c31e2f616d1086,,,14
candidate_row,EXT_E005,public,,0dcd18eeb0839f5704b95cdca97a1ca415228c6b278400a5712f9dfa5f2d2da3,,,15
candidate_row,EXT_E005,public,,75ddb7f74b4e05e28be3f0a87cd7e3c54992d59e6aeebfac6e157e71a0695bd8,,,16
candidate_row,EXT_E006,public,,7d872440eb6b0e48dd559019620e1ca5191426ad7ce24ea6b11968da328b6d6c,,,17
candidate_row,EXT_E006,public,,919d022445161756b7a2c4b34aa5b5b2229bcf4ebc7d59c7c6e5b3485bddcd5d,,,18
candidate_row,EXT_E006,public,,8a93f6cdc0e6698265e5330b87d4d4e16291ee80a9be2adbd80c5a43c172b16d,,,19
candidate_row,EXT_E007,public,,5d9bd42bb97f39375947c433aab317a1bd3bd159008cba9dd211b97c6027e17e,,,20
candidate_row,EXT_E007,public,,6a9f70d03a2db279fb786f9c0fab96b60a522b0b5d75dc848ce8cab5f9c89c03,,,21
candidate_row,EXT_E007,public,,02d931036c5f2c77b011f7f54fa33af6b6c8f745e2642231d7f705631112282d,,,22
candidate_row,EXT_E008,public,,5c36460b1e41ba238c81efd0f14d0e71cf738e82f58d727537f19a6c2ec190df,,,23
candidate_row,EXT_E008,public,,792b095ca4ba7f2bbcb9c3948730ce9277672e7ef4c3ac19f080df39a6be264d,,,24
candidate_row,EXT_E008,public,,0c9f69d354d87e407904472809db28f9dbb2c84b61c1d7505c794fc4f39c91cb,,,25
candidate_row,EXT_E009,public,,cdf4cec6372e496404c18f1d5773afab53c66731dc10a5a8196d7fc6ff546f09,,,26
candidate_row,EXT_E009,public,,f424f879327d55bd6c39a6ee7bb8313e67b5b480b52c9175962a4213cb948b48,,,27
candidate_row,EXT_E009,public,,92461931b23ddf30c1cc6c6080fe621199172f32977dd907f27cc6043f708c1e,,,28
candidate_row,EXT_E010,public,,099650580c5e21ea38fd16035108a53efc8f9b0cc831157d1921b6bc95889e90,,,29
candidate_row,EXT_E010,public,,3b434d6da35f59ae49b34936e1445d11fd45c1d4b6930f022002bcc02dc710c9,,,30
candidate_row,EXT_E010,public,,0da2790addc8d5610e3e2ba6aa0bc434f842cdee00003565a00ee6a0a56ff9b0,,,31
candidate_row,EXT_E011,public,,d49ebf48a6ba9df5380cf725b35a823f6008c4d61f205bad1644ac12c885d18b,,,32
candidate_row,EXT_E011,public,,dbb1ecb11d8eb4d416aa97a90e6e52dfae759b93e2255ad649daa784bb2513ab,,,33
candidate_row,EXT_E011,public,,3cd2aa9c6a5b52d7ab84124e29565bf2bea6111ab19e9d94dbc6ace23143bc6e,,,34
candidate_row,EXT_E012,public,,855ead4ebb2fd48fac405e862b935667c0d3ad6b1ef8320b6958924f08634758,,,35
candidate_row,EXT_E012,public,,5c730ee591859d965745b6def738fc8a8e0004ab6fcc1eba8276a5f78c1344ca,,,36
candidate_row,EXT_E012,public,,244230ac279c67d25505cfa1e38c06a8592ad448f9304509d9014a421fb93084,,,37
candidate_row,EXT_E013,public,,bc91b60f31021b61fff0088a601f3b57f6cd3e2ea195260d204f2e6cfb3c0a02,,,38
candidate_row,EXT_E013,public,,32b5a8157b050d04c91d9875f06c2afbd23cae964fbe5c2e2537c7076120afa1,,,39
candidate_row,EXT_E013,public,,b3255a5e99cb907a211f2fd7f9d5c404578a6afa0b79a27c2da52b7562090e44,,,40
candidate_row,EXT_E014,public,,5b7ade3a9e75609a755cd21d1f747cbe7551f5c8838ac5f80990c5eea3c069e8,,,41
candidate_row,EXT_E014,public,,54ca3813b7a4f6aa00e43fdec176b6f34dbf6247043cdb1abb2181553ed1d6be,,,42
candidate_row,EXT_E014,public,,caffef3f3da80463149b9b96a2d0019422a64542438bb3a192b75ab958a08c0a,,,43
candidate_row,EXT_E015,public,,64ac03202d3e50a4e8322e5972ebe1081fe8cbd1edbdc8c95d70d8e08ab43490,,,44
candidate_row,EXT_E015,public,,7898932bbcfb8a4f8021d1ecfcb9dc791c5983c7d1ac393ca8910035966bcd8c,,,45
candidate_row,EXT_E015,public,,dcdca88d45705d8f858667393e14a82f36474b6ffafb65ca6681b3db9ea1d676,,,46
candidate_row,EXT_E016,public,,cf399700ab02505e9428f9ede696d94e73f262fb36c0088e7a0450f427d44826,,,47
candidate_row,EXT_E016,public,,bfb2553b8f0f2d4f10691b02b2556b3cf4053ad68265b65dea48ed06a672f9ec,,,48
candidate_row,EXT_E016,public,,b51aa80eb113a4fc302fb2dd6d610ee2b6423658ac59771ef543a85598e72dc5,,,49
candidate_row,EXT_E017,public,,9ea9f0b232cbc788420bb2b149a655eee743fb3c9fd5f5fbce7a60567f1e8dec,,,50
candidate_row,EXT_E017,public,,437a581bef3d1f90c2e3599274b674ef2b059559bdfe0978fc90b0384e6aaeeb,,,51
candidate_row,EXT_E017,public,,d555f4c8df08cce8e1fdaacd5a9c7df066bc2188b6df477088246414783a77aa,,,52
candidate_row,EXT_E018,public,,fe0a7a732a14c620edc4db3401975722de472c660759f1edc95d993311fb0eb3,,,53
candidate_row,EXT_E018,public,,47691f97c92587a1c2cd876935bc6679139bc45b1c2305dea679c571413790a7,,,54
candidate_row,EXT_E018,public,,009829acfd3dae19cfda029bf42570a0289b23a44b7e2b155f5ff077ff297c18,,,55
candidate_row,EXT_E019,public,,8f7cdf83d3282c96ee1db112be99b8ffb0e2f9f5c7a78be0890b3fa7de3168af,,,56
candidate_row,EXT_E019,public,,622dd1cb4bd51c1b093c5718e2d508dea3cc014de924f5adc82fc5dde10f05c7,,,57
candidate_row,EXT_E019,public,,38df7fb205a434b08c0aeb775117c043c390173ff5e687d222a5508f06ed24a4,,,58
candidate_row,EXT_E020,public,,80d0996df8cf295cc58981c4b60bf8ef00cab80077827d9ea6b3c6de17a15d76,,,59
candidate_row,EXT_E020,public,,4841412d523f6620e42bdf63bf5b80ff4da0c625bd66730cea5097de5331f7c0,,,60
candidate_row,EXT_E020,public,,f671d07c1947a9265595bad176ee4e03348a6db826b2578ecda4dce63bfcce86,,,61
candidate_row,EXT_E021,public,,e18093c99d0d3e1fee25f10322ed3cfdeed36db3dabcb7fdd960863ebbcd9edc,,,62
candidate_row,EXT_E021,public,,f621ae23b7c18185da6d0bc9ecf2fbac8e6d3f1582e330de2a5ad5209f1f5cbe,,,63
candidate_row,EXT_E021,public,,87527d2c896386eea48bdab80e750455e10822273c67ef5685cbbe68ba5ecdbc,,,64
candidate_row,EXT_E022,public,,3f33d76fa568ad82178d1052eb8d07ccb79938afaf319cd44e3c25a9e98f0a74,,,65
candidate_row,EXT_E022,public,,d81087a452bf0194252b1d3f006767363f1e7150c41ed0ea6aa67dd5fa77d873,,,66
candidate_row,EXT_E022,public,,be1e05584714e2a6865a252ca5c639e1aa4544209eb3994e7a3a6500835e58ca,,,67
candidate_row,EXT_E023,public,,7ca7ffa0e4474adc00c0994fe8925b8e1e07070e8df217024f076f6ab22dfdc3,,,68
candidate_row,EXT_E023,public,,cc3fb2cecc1a8019bb30ed0111b89f1c157127c761f1ac8e277e9e499fcb872b,,,69
candidate_row,EXT_E023,public,,44256381f02e7175950187073dba391e10b32beec566385c97a3b5f23be18fc8,,,70
candidate_row,EXT_E024,public,,2a8de8ca3a08d6908260a331502af43ab9b067b92cb6990a8b9edc04d372f1a3,,,71
candidate_row,EXT_E024,public,,b6a3934b7e78d2c1517175f37fe2aca538e52f9cda1f796621fa3491617b7677,,,72
candidate_row,EXT_E024,public,,7cace695ace39b23b9aa5f29df4629130a18820f3167b36aa14741f9308c74fa,,,73
candidate_row,EXT_E025,public,,d6901e7f7eed669e7f0020a2fb9e62e4d8841b562d844da118963dc91c54eb7f,,,74
candidate_row,EXT_E025,public,,c4a694ae1ddd17d78831aba2444beba708adeb8f64b7b8830deaa6bf9a1e6e8a,,,75
candidate_row,EXT_E025,public,,131b2137a3829a521b5362e5f46c2b6ca64b1ad175084f1aac175ecaad14cc29,,,76
candidate_row,EXT_E026,public,,c75e475e0fc60363fb4cb89e6ea341c8e7ce8e4a6816bac896d62e06ab0fe2d9,,,77
candidate_row,EXT_E026,public,,4bcd325c679aa2f8d8025858fe2acb74039b7e5dff505b6c6e26bb5d7a435d81,,,78
candidate_row,EXT_E026,public,,21ab9fa2afae06a0926de748ac200d04aa7636bf5453524cd2243239c95bbcbb,,,79
candidate_row,EXT_E027,public,,2b0956f6e8efdb89bc21d881468f0132e5fdd8d0200b7db7fa1f2424dba2eb52,,,80
candidate_row,EXT_E027,public,,1fe95870400bfc1aede1727f33ca85de9fd30d568b642cbebefa6c3d8629c083,,,81
candidate_row,EXT_E027,public,,a42053fbe764a15b36f490b676f0de92b31ea891da0bb27958ecdee164cd6fae,,,82
candidate_row,EXT_E028,public,,3bd2df1764e3950db7dfec36f98f38c27132dbe169a73572294818381fe3d46d,,,83
candidate_row,EXT_E028,public,,15c0bddad936e8c4d319c151767fb50cfbdee4fd77b9855b34388aa4492445da,,,84
candidate_row,EXT_E028,public,,3f88ace292174b111db23fac454b8dce9e39d982942607669c89d6196ec98d99,,,85
candidate_row,EXT_E029,public,,cbece3dbb31878fa332fe994492d61e1b53a096d906071191a1edb3c3419f10c,,,86
candidate_row,EXT_E029,public,,65082acdcbccb6eb3383199c00276fdfca23bf4e58ff7c104b9f0c77426bf5dc,,,87
candidate_row,EXT_E029,public,,a446c1081b9421fa36af240a5bcd36f2c6204a6cd91c22c4e59ae8e157551bfc,,,88
candidate_row,EXT_E030,public,,c57fa92b3a816887a0c8966d3fc7c304fa65be513c9b577e8d665a2f442ae5f7,,,89
candidate_row,EXT_E030,public,,10210284c9b00c89bb0e336fc3998f0b591801958972c74d3366112ff46103fd,,,90
candidate_row,EXT_E030,public,,1459cfbaebef446bdf79b7594ce54bd42a70941feded063469dc2399d1792f20,,,91
collection_protocol,,public,benchmark\external-real-v1\protocol.md,287a946cc94e9d97f707e989f3e3e314b205bd41acc4b1dde01e9b1f1b8a31cb,2135,2026-08-26T12:26:48.062418+00:00,
document_row,EXT_E001,public,,b0f8d248d007852b4c2232385cb59b0c970b3f2651cd8805ceb7138dacd3518c,,,2
document_row,EXT_E001,public,,69f217f0a3798893218ac18efa12ed8700ef9e5d47ffa3159a63efde508507ef,,,3
document_row,EXT_E002,public,,b414f36db77f6eb65e80891f77ccf2afa871721f14c732f216f7185b14a49faa,,,4
document_row,EXT_E002,public,,acbfc10dab1bcedb6877e1147cc37fbc9d41e488d2e571f565d8e6584cd21335,,,5
document_row,EXT_E003,public,,bcd490e0061194cd3bd7b29257c8dcfe08ebfa81cc13187c23750f1ff0a13142,,,6
document_row,EXT_E003,public,,eda53241daef982cdca21fe1fc8c0e145cc47cbd6a9788c563e113f4c36e50eb,,,7
document_row,EXT_E004,public,,0327c4a7f6cef1df0804c5f3bcfbc15c1ffa283208a728582d27efa7272b9b29,,,8
document_row,EXT_E004,public,,abef64fb4d91a849d12f06a990180febd73f2f2ebf10129d193cd45b6f824846,,,9
document_row,EXT_E005,public,,67587b7e63fba08b150581209ded77ed7204e40df4b29c2c88ca83114400037c,,,10
document_row,EXT_E005,public,,2ceb85a76bbfdf5fc658593152facdfdda3d985245551b01e100cbc2d1d74193,,,11
document_row,EXT_E006,public,,c8ac41c5274728c01b3c84c9f20ed7f970cee9eb2d8e132654acc02706c6505f,,,12
document_row,EXT_E006,public,,272ef12595783127fab6ee5eefeea5a46ff4b9cafb2af345a8ed04802cca87c2,,,13
document_row,EXT_E007,public,,583933951fb6e410ebb91384dfc43c9df620e320f74d31906e0774d54375e63d,,,14
document_row,EXT_E007,public,,4254d599b51087e2ac4f9c92b3c4b6eef455ea39da788e481a44e27398e667b2,,,15
document_row,EXT_E008,public,,c99fda4a486dee42b1c9a65217400ec577f45cb5c56335dc281266eb93b247bc,,,16
document_row,EXT_E008,public,,24c360827d5e49ceb64d4f42e8d5553cd364c859083547ae3b27d765a29ce8ef,,,17
document_row,EXT_E009,public,,e82fc227dce9bd859e7ecb758774f7cd0b2d9b5bae3747af78e5fba1183e6255,,,18
document_row,EXT_E009,public,,6cbdec756da20ffb63fa5fb538491612fc251ea484af48f1acbb45720191d5a8,,,19
document_row,EXT_E010,public,,ac3c9bef357b4d584075b7bb1d57da200201168f684ba18cd8ce7eca9bbb8c80,,,20
document_row,EXT_E010,public,,43efc93640345db269781611748491cdafa3e28b559dd36d7b50645395552277,,,21
document_row,EXT_E011,public,,4434444a4c298a7cf77c970c255ecff4525314fe0793cb90ca7dbddd6e11f1a6,,,22
document_row,EXT_E011,public,,c16711fd21a5b39a75112c6a1d317cb02b89c988d806e1c5c515cb1250602a12,,,23
document_row,EXT_E012,public,,21c1f018da2a52462a3e062ba6cd3afe676af7dc32b67e65ac16a62eb788e030,,,24
document_row,EXT_E012,public,,4eb76a1e535eca2cfbb5159ebf35d1051a720ad6eb0a2079c3aa27997ee30db3,,,25
document_row,EXT_E013,public,,036e238a6bb768067ac7368f704ca7bea1b3032faf2a33c5adecbf91bfb7b938,,,26
document_row,EXT_E013,public,,699e1e566bbd2d8fa5ad444c44d3ae8e51a151905e4e594bd7721d86e67ceb2e,,,27
document_row,EXT_E014,public,,21813c156c3f8c026e0186a2b15e8d4db8a9c633bcaaa0d813761f3af5c2b0c4,,,28
document_row,EXT_E014,public,,e9769e06aa5bb85b88e66d00714c4831eec234a5c622627105828b92472b6257,,,29
document_row,EXT_E015,public,,b59120a8735af0f484a1b4f0081434d0986255ae6261d19fb14688beba250d7e,,,30
document_row,EXT_E015,public,,d24b31d91073bd6ac00e418e16f0fc51a12ab9b69935c33809a1fd18ef7a59e8,,,31
document_row,EXT_E016,public,,8c542dbfe6e6933b45ec5f38984e20c873a561174afdda1a938ae0fc6fa13328,,,32
document_row,EXT_E016,public,,599e4aba9dd447ea2f6cfe76b76ed4c75d7ffc01631ba625f06cdfca9b22af99,,,33
document_row,EXT_E017,public,,027b47c587c458012f695cae4981e7bc682f861d3967f35f4c7f726d02c52de2,,,34
document_row,EXT_E017,public,,cab13271af0e7e5a88658393114c0d344f2ca8fa94f2d64bc4bcad1840fad2bc,,,35
document_row,EXT_E018,public,,174cc4f0bbe95a701b48255b5b285a8aeda1d5be8b51e14cb9944f52a5efebea,,,36
document_row,EXT_E018,public,,c0f3b87503baab45f3db1ca49d29ad417127303f7fe10d52f866187cb84519f3,,,37
document_row,EXT_E019,public,,70aed4ce792141f0d65d5aa8a1429cfd419320aabbd9c8049e6f813e1cc2468e,,,38
document_row,EXT_E019,public,,eb8bdbf4d42ee80a6109119a0e4a6b4be80b573e661dbcf2f6e943a7be4cc219,,,39
document_row,EXT_E020,public,,4bd7fe4aec0e738b06394b859a956f5d91393f47b6b524e1737d224374e79669,,,40
document_row,EXT_E020,public,,a4c3895d8a6f0e2881f21786881069ef91c34a2198f5ab7e41e0076b91351ca8,,,41
document_row,EXT_E021,public,,1dfd3406438fcb963f32fbe0d98504fad967750f8c7023dadf2a59fc7f041829,,,42
document_row,EXT_E021,public,,6dfe527bb46745a28e6c648cef04031a062e217da5ea60ae311f29255366ff1b,,,43
document_row,EXT_E022,public,,7c338c26c4baffa8d32b38eefabd8fc72c5cc6c7f9904edf7c4a6f0a4b3afd48,,,44
document_row,EXT_E022,public,,54ab868ca295adc010843a5b2faa4e8f449fcc9d1e69f301aead27fb1c9056e5,,,45
document_row,EXT_E023,public,,2c78897596f4d6fd62e7c44a34780e3d69d30081cb22aa8ab6979f6a9f42674d,,,46
document_row,EXT_E023,public,,d9c6a520bf1194e23227ae60927bc6dd18d83507d42f46303a0bdad69ff23fec,,,47
document_row,EXT_E024,public,,0c2fb86d72b5a5724607c7090f3ca7861ecd87b7ca38786c14f7a165b6565c5d,,,48
document_row,EXT_E024,public,,23de26449625706e553bba8733edf62d1f668b8e2b986b38c8d3a26044cb8db0,,,49
document_row,EXT_E025,public,,0f442d0540881d19d4d4feba0accf41b2d464697de653fd097462470bcbf6076,,,50
document_row,EXT_E025,public,,46f5891a8d69234c31b70c7c872cad3a213e9b3f57265cc5d241cd00e754a84f,,,51
document_row,EXT_E026,public,,d93a8475cced08f83ddbf15238c2b4e790aee2ec100f62b76f5ad767948b66bc,,,52
document_row,EXT_E026,public,,e96d04c9d29d1b62ff6ea6cac45cc4f73e0e2382429095acfa3af822a35409e8,,,53
document_row,EXT_E027,public,,654a8c8e6a639974ecbd277a0d2cc758d3caa2a589eee483ecc7d1694e4195ab,,,54
document_row,EXT_E027,public,,0f49639809caaf9de5aceb54093a9ee4935bdfec5641d909b0018977bb742d4e,,,55
document_row,EXT_E028,public,,0c0f53a4f6941ee969c92e2255748c7d10f23761479bff1a5b12ba268f7dd5e8,,,56
document_row,EXT_E028,public,,7fc95d616061abb2b125e0cf39d08425393e9478edceea6fd05fefbd1222ec0a,,,57
document_row,EXT_E029,public,,df6dc3b729f5feafd1fab70a6209b5bcfa4f41d90d69a4f13e7c85c38a6eef69,,,58
document_row,EXT_E029,public,,c2b2e9bc3b87fa73a722aded9eaa1f8e12f209ebcd627541c65c16b7e5f4bb46,,,59
document_row,EXT_E030,public,,0c0ebb5a94dadb840d5c2fc60c6a200053fde041edfc5a53002b90c5b99c39a9,,,60
document_row,EXT_E030,public,,339b6eb1690eb24790d4ed8aa50a9e01e46bac28fd4239c6800c492638a649e6,,,61
event_row,EXT_E001,public,,1eb0d7d34e2de80df2498b58549fd1bc4fa40cb6ea4672fcf05bb3da01f3823e,,,2
event_row,EXT_E002,public,,d21a11ea010a19d58b542dfebb4ae5f44cf3746a2f69494a2a66cf3a6b707ba8,,,3
event_row,EXT_E003,public,,fd6ffd1778d558fe9dc61ede85f0911b07ad7fd8b8d47b37c917e313309f89ef,,,4
event_row,EXT_E004,public,,666284731bb53501e7fcc00c6b8bca53d136d8640c8c67782a05473c03d956cd,,,5
event_row,EXT_E005,public,,758e51e336dea866f12a25f773885541b1a4c4a1af691c46bc8bf08eae0823c4,,,6
event_row,EXT_E006,public,,b66b084ea1da8bf86ed95d66f0058bfb981b099da6e09db133d6638f6e70d5d9,,,7
event_row,EXT_E007,public,,93fc464748e0bb1c371de798ea51d4b3f430510d2f96a93a0452c3e7ba69963e,,,8
event_row,EXT_E008,public,,267f9f19bc32aeba7e04d300ce2ec46d9ff8f84995b401a355cb0fc6bd4c7461,,,9
event_row,EXT_E009,public,,91fc69d671953270067e5807cd4ea74f560e7c150294b003e523a3e552c3ddad,,,10
event_row,EXT_E010,public,,a7fcf8767209fe9391d349e9b538e13375fa377015d9106046805c7f89ac31cc,,,11
event_row,EXT_E011,public,,ae2e3059cf0854011e5817791edc3960d1d999b06db57db543fe95414fcab3a7,,,12
event_row,EXT_E012,public,,9190d90ab134d140ddebbd250d3d57a9d8dbf7f7aac1d562a87034a41ea9a206,,,13
event_row,EXT_E013,public,,8ad54d4845e01ce64a6d08b7a933bfceee487b26482a7cb85ac949b66696f90e,,,14
event_row,EXT_E014,public,,378e50b8bb970f19e33cdcc526319081df2fff3c1a0afb0e8771d5b50afb639f,,,15
event_row,EXT_E015,public,,6ba2b19c65f3e9570888ffb20e0d287032fd4a3175b0304b556694f388f07514,,,16
event_row,EXT_E016,public,,b2051d05a1b092f3df779ff4bc2c44014f3e3f2f63d1de4b4faae7694e3bcf53,,,17
event_row,EXT_E017,public,,5400fc788a840b08385b8cd6797b25056296128b92102c37b56f5990a911d15e,,,18
event_row,EXT_E018,public,,0527d64494ced7df0bcdf1992d02bc6bea13fe907de03b0d49fb9d07e757763f,,,19
event_row,EXT_E019,public,,d9a62d521b56f903d29cdaa5a2ffa43fcd552c511678b4e96ea42ada457dbc50,,,20
event_row,EXT_E020,public,,750b6b32efff9e1d1458f655f71dd64351f5b76b4e55696918b5ab1ce70cdd0f,,,21
event_row,EXT_E021,public,,8e216ac92df8ab717fca7d322c4ab0a1e85c124ecfddb271b035fa417b07fe61,,,22
event_row,EXT_E022,public,,71d712e5c4925ce6b233344ff6bd2ac1b226c0dcee7a80efb0d995ff5d49c0ec,,,23
event_row,EXT_E023,public,,76fe98b0b3658907443f44d2563c7af5c1e5c577efb7c7e41c2494da916c2ee2,,,24
event_row,EXT_E024,public,,568e02452acb44f1931d839107d755931149ff370902fc417a8f5e6d0f2e437c,,,25
event_row,EXT_E025,public,,b68a4de3a1165aa792db482d5fbcbdf29690624fc0b010cdb2c8446e7397a79c,,,26
event_row,EXT_E026,public,,ac9ee5474b57e34b5092b62d8ff6a2cc91f922b3f8bfae9bcfbd6f80151847dd,,,27
event_row,EXT_E027,public,,4b28a37711f89638624bc30cfb9ac06d55e02fdb9dc62a924474d87fbd2b366f,,,28
event_row,EXT_E028,public,,5a94a2a6b209f46d165394ba2ad5621544eae875437d007c1d33843d3a56d9e6,,,29
event_row,EXT_E029,public,,73eac0b382faafd9cfa8b18cbb3b55b22442314fac30b97aeaf372b36b93b410,,,30
event_row,EXT_E030,public,,e5156c1dd6a38cebddec0f4e4ac33acf95df68572e042061426931e13e90b601,,,31
formal_policy_rule,,public,benchmark\external-real-v1\rules\EXT_E001-formal-policy.json,fa01a4fa480f5abeac09398f97c5076d7dd5a33d94c6f3d0ff8ae3be6c3d310b,1457,2026-08-26T12:44:56.170317+00:00,
formal_policy_rule,,public,benchmark\external-real-v1\rules\EXT_E002-formal-policy.json,6a88bf4a2b569a525989c9909cf280f22249eee4345761617d321cfd6c85403d,1432,2026-08-26T12:54:58.102659+00:00,
formal_policy_rule,,public,benchmark\external-real-v1\rules\EXT_E003-formal-policy.json,faae2243279902a52e23f46cf401714f63314dda0460ae802351f53b0f1e92c7,1551,2026-08-26T12:54:58.102659+00:00,
formal_policy_rule,,public,benchmark\external-real-v1\rules\EXT_E004-formal-policy.json,2dfc6eb78449ec00ead132a3b29733e7aaa29b26a59d383cb0676755063fa6ce,1227,2026-08-26T13:10:10.789919+00:00,
formal_policy_rule,,public,benchmark\external-real-v1\rules\EXT_E005-formal-policy.json,c67de1052d548a3f6e7860b380e3ebb0547e055e99724af61bc44fac6a5d8083,1228,2026-08-26T13:10:10.789919+00:00,
formal_policy_rule,,public,benchmark\external-real-v1\rules\EXT_E006-formal-policy.json,03d2cd914fdbfee05171f5fd6aadad146466e9457dfd9b8cd797c04d2ac0b8e6,1228,2026-08-26T13:10:10.791196+00:00,
formal_policy_rule,,public,benchmark\external-real-v1\rules\EXT_E007-formal-policy.json,dc04fefe8d44f5d9018e218d180a11503f901f5224f6df194f64353bacc92db4,1225,2026-08-26T13:10:10.791196+00:00,
formal_policy_rule,,public,benchmark\external-real-v1\rules\EXT_E008-formal-policy.json,5f5fc7e022678623bed8a3592a0b989b9b8d6f72d73d69e17bd5889c22b13c62,1225,2026-08-26T13:10:10.792198+00:00,
formal_policy_rule,,public,benchmark\external-real-v1\rules\EXT_E009-formal-policy.json,c6cb5e29c2ef6b10fda1538cc25c5cbdc2ead9f2b6551c710ccfba97ae792699,1224,2026-08-26T13:10:10.792198+00:00,
formal_policy_rule,,public,benchmark\external-real-v1\rules\EXT_E010-formal-policy.json,2f36ebf2fcb3082f84f8a708e6ca1a2c41a8644133939023cd0a820892921cc5,1224,2026-08-26T13:10:10.792198+00:00,
formal_policy_rule,,public,benchmark\external-real-v1\rules\EXT_E011-formal-policy.json,ab8594f0be06e2c7a9bea52293d7b0ebf173bb1e486231c13e5cc59f091cd291,1225,2026-08-26T13:10:10.792198+00:00,
formal_policy_rule,,public,benchmark\external-real-v1\rules\EXT_E012-formal-policy.json,0d0dda1e70e533b065848c57fe7009c1224c401bebf0418098b2a06fbee5751f,1226,2026-08-26T13:10:10.793455+00:00,
formal_policy_rule,,public,benchmark\external-real-v1\rules\EXT_E013-formal-policy.json,51c08fcb69501f0eda5b82ed2e1cf9a5d1fffb3e93caad5d0d135bef5cc3b009,1235,2026-08-26T13:10:10.793455+00:00,
formal_policy_rule,,public,benchmark\external-real-v1\rules\EXT_E014-formal-policy.json,f00bb9ec1c322c2cbe3d6e663a07b8ae60e19addc09849229501aa6689eaae5d,1235,2026-08-26T13:10:10.794462+00:00,
formal_policy_rule,,public,benchmark\external-real-v1\rules\EXT_E015-formal-policy.json,42a142f2e751e4222c6e8fc9ace69f6aa9cf90bbd4d642c78a43d407b6788bbf,1236,2026-08-26T13:10:10.794462+00:00,
formal_policy_rule,,public,benchmark\external-real-v1\rules\EXT_E016-formal-policy.json,876eb3a5444a74d89fcc014e904c973feed1bbe83ba1880522ad88fc24cd2902,1237,2026-08-26T13:10:10.794462+00:00,
formal_policy_rule,,public,benchmark\external-real-v1\rules\EXT_E017-formal-policy.json,2fa514a62cc21398b4cb3dbff7ba9eb61473313f77f09d1529e937880a154041,1237,2026-08-26T13:10:10.794462+00:00,
formal_policy_rule,,public,benchmark\external-real-v1\rules\EXT_E018-formal-policy.json,d03ed167d35db357a271afb366c238e7db95cf8e1fb948f051f5dd3f76400991,1237,2026-08-26T13:10:10.795967+00:00,
formal_policy_rule,,public,benchmark\external-real-v1\rules\EXT_E019-formal-policy.json,60288b1ee3cec6e9564853ac16175f164d8cb6a5c95c4610937ff72718f05561,1237,2026-08-26T13:10:10.795967+00:00,
formal_policy_rule,,public,benchmark\external-real-v1\rules\EXT_E020-formal-policy.json,75a848aae2505b20cc601731e418b8654b4146098f75176adba7f9fa79aba48f,1234,2026-08-26T13:10:10.796971+00:00,
formal_policy_rule,,public,benchmark\external-real-v1\rules\EXT_E021-formal-policy.json,17f3a15489a9462851df12d7b18bdedf2896d9c010b4eebfea410b4ec9059873,1235,2026-08-26T13:10:10.796971+00:00,
formal_policy_rule,,public,benchmark\external-real-v1\rules\EXT_E022-formal-policy.json,00651ed44e2e3825c4c4593d691ed39a6adacc0a785143094877121c88ea65a1,1235,2026-08-26T13:10:10.796971+00:00,
formal_policy_rule,,public,benchmark\external-real-v1\rules\EXT_E023-formal-policy.json,654ce850ec6d71e06239c8f7380c996d3b90039b1a7e978b8fc7fa340460a87c,1235,2026-08-26T13:10:10.796971+00:00,
formal_policy_rule,,public,benchmark\external-real-v1\rules\EXT_E024-formal-policy.json,e0f7ef20c494ef58de6aa6884fd126792ee55fdb8e077a720eb189928fc35d34,1235,2026-08-26T13:10:10.798414+00:00,
formal_policy_rule,,public,benchmark\external-real-v1\rules\EXT_E025-formal-policy.json,494d7622ebc951618bace23760c6e0c709b3cede73c7a8aaa778d66bfce630fd,1273,2026-08-26T13:10:10.798414+00:00,
formal_policy_rule,,public,benchmark\external-real-v1\rules\EXT_E026-formal-policy.json,0f1a566655e5e5db3fd15609d5be6c3b39ba4f93cea82bd95329121f5609a824,1282,2026-08-26T13:10:10.798414+00:00,
formal_policy_rule,,public,benchmark\external-real-v1\rules\EXT_E027-formal-policy.json,289ea14e779071b61899a4ae0969c4f55defdc7c12f2cdd43db89ab4de9fda22,1287,2026-08-26T13:10:10.799680+00:00,
formal_policy_rule,,public,benchmark\external-real-v1\rules\EXT_E028-formal-policy.json,2f5eb8dc1c2533384b17b37424e8c1c2f25d4847512c713bce5967352e8f3db1,1290,2026-08-26T13:10:10.799680+00:00,
formal_policy_rule,,public,benchmark\external-real-v1\rules\EXT_E029-formal-policy.json,01361971638f04ff92217daece0a97a4a5890bc44a4544ee1ea375cdda5c6f57,1285,2026-08-26T13:10:10.799680+00:00,
formal_policy_rule,,public,benchmark\external-real-v1\rules\EXT_E030-formal-policy.json,fbf016c61bf9f1f3397bbbbc0b53ca5bc8c47ad3c95f8e3682a7bd541d6ed34b,1263,2026-08-26T13:10:10.800682+00:00,
input_candidates_csv,,public,benchmark\external-real-v1\input\external-real-candidate-template.csv,1866ebc7ac1b9fa161728d995c3152e4be3d3a54a2c5b621383fc6014adb3a59,56971,2026-08-26T13:10:10.789919+00:00,
input_documents_csv,,public,benchmark\external-real-v1\input\external-real-document-template.csv,1d2fcdf122a20e2a79cd84c44c9e387b0c1963d82c988deddb049b9f20eb3753,25448,2026-08-26T13:10:10.787052+00:00,
input_events_csv,,public,benchmark\external-real-v1\input\external-real-event-template.csv,4ec4771b8dd8d2bebb2debbe3be68f6da1993726a9868af569eb4d4ec8b83dea,17156,2026-08-26T13:10:10.737583+00:00,
mutant_owl,,public,benchmark\external-real-v1\mutants\EXT_E001.owl,78a7eeb9b27959a94ea72586fb0f205bd0472aa05c8f5d90ba84757b754569a0,1786,2026-08-26T12:44:56.170317+00:00,
mutant_owl,,public,benchmark\external-real-v1\mutants\EXT_E002.owl,d9fccda740a71baecd19d0ee7af7838f31d6fb976cae0460b5354536a9d930c1,1834,2026-08-26T12:55:06.764707+00:00,
mutant_owl,,public,benchmark\external-real-v1\mutants\EXT_E003.owl,ef3438dc23eac26befcc3a0a9fd79de361c98e9c99b5887f6975b84107030b28,1834,2026-08-26T12:55:06.764707+00:00,
mutant_owl,,public,benchmark\external-real-v1\mutants\EXT_E004.owl,ba305b7a56210de3a07d72545895d845b7413adca6c5a460bb7fe2df113816f3,1833,2026-08-26T13:10:20.196804+00:00,
mutant_owl,,public,benchmark\external-real-v1\mutants\EXT_E005.owl,1c95f4eb2666a765188124e83e0b671030cf367fdb2f3780f1c4f79fdc72289e,1833,2026-08-26T13:10:20.198264+00:00,
mutant_owl,,public,benchmark\external-real-v1\mutants\EXT_E006.owl,540ee3b27e878a12bb05a70b1d0cad8fb04be312d809e2d91deda14570e2ca83,1833,2026-08-26T13:10:20.199574+00:00,
mutant_owl,,public,benchmark\external-real-v1\mutants\EXT_E007.owl,c57ae2e66ba12d4acc2689aaf79ba8f66b511dc2b978f26a4b93c69714185264,1832,2026-08-26T13:10:20.200575+00:00,
mutant_owl,,public,benchmark\external-real-v1\mutants\EXT_E008.owl,8a2b61f8b4b87629223faf3c5b743cefb705710b209a7566d3367bd1d8301539,1832,2026-08-26T13:10:20.200575+00:00,
mutant_owl,,public,benchmark\external-real-v1\mutants\EXT_E009.owl,0346c0701f77658df4ff5ba4928711d9290a33cb3a06b788797e79112f28e420,1832,2026-08-26T13:10:20.202080+00:00,
mutant_owl,,public,benchmark\external-real-v1\mutants\EXT_E010.owl,b56f94201634227761428ce01a01b21b80bc46b5e65efd7450cd6974ee1fcf26,1832,2026-08-26T13:10:20.203502+00:00,
mutant_owl,,public,benchmark\external-real-v1\mutants\EXT_E011.owl,a4aed6baf6c22186772ba87faee5e73ace20972c411dab0996a98b68ef1a8091,1832,2026-08-26T13:10:20.204499+00:00,
mutant_owl,,public,benchmark\external-real-v1\mutants\EXT_E012.owl,83226153736364dd591cecd245e3aa6c8f176c4478f0e5374317afba691b2b8c,1832,2026-08-26T13:10:20.205501+00:00,
mutant_owl,,public,benchmark\external-real-v1\mutants\EXT_E013.owl,ec70d0874c30bc36136a520ced0360be046a9881f73eb629cf127c49680c5f7a,1847,2026-08-26T13:10:20.205501+00:00,
mutant_owl,,public,benchmark\external-real-v1\mutants\EXT_E014.owl,f80a8e5b8ae50d7bcfe7d9b5952096837d7757c7d5f4ee279c4a2e1bf6069182,1847,2026-08-26T13:10:20.207005+00:00,
mutant_owl,,public,benchmark\external-real-v1\mutants\EXT_E015.owl,f037530262b9b5151adb2205cae6f814e11cfc4d47abee8bf3efd435e13078a1,1847,2026-08-26T13:10:20.208117+00:00,
mutant_owl,,public,benchmark\external-real-v1\mutants\EXT_E016.owl,94aa52382a6aa0e547ddb0a2ce0d710ef2ac25e3b0aaf46416d4cb0a2bb0b65e,1848,2026-08-26T13:10:20.208117+00:00,
mutant_owl,,public,benchmark\external-real-v1\mutants\EXT_E017.owl,16dca4579c2d942586fca3864d30600a5e6e33656da30596efc1c1e074feaada,1848,2026-08-26T13:10:20.209122+00:00,
mutant_owl,,public,benchmark\external-real-v1\mutants\EXT_E018.owl,1eb6eb4cf609ae430224b9424d417fde75b2a8066d9ab4d3e50f377de6f8cc61,1848,2026-08-26T13:10:20.210123+00:00,
mutant_owl,,public,benchmark\external-real-v1\mutants\EXT_E019.owl,066590a8055503eee2a06f7911ed8599c081bc584685584948aa63fee421e8ab,1848,2026-08-26T13:10:20.211425+00:00,
mutant_owl,,public,benchmark\external-real-v1\mutants\EXT_E020.owl,da49c6f38d248a933fbbfa6220066e0a48873395a8459e8bcf9ec6e178dae18f,1847,2026-08-26T13:10:20.212452+00:00,
mutant_owl,,public,benchmark\external-real-v1\mutants\EXT_E021.owl,e4128952e235b4d03d855dfd5d7f3310a49aa88fd01d308a0157046af93ce65e,1847,2026-08-26T13:10:20.212452+00:00,
mutant_owl,,public,benchmark\external-real-v1\mutants\EXT_E022.owl,b55e0519398af16cc9027452f17930b21db6f9cbf4b147c31889c71f465f01e4,1826,2026-08-26T13:10:20.213454+00:00,
mutant_owl,,public,benchmark\external-real-v1\mutants\EXT_E023.owl,1ffd4548ee13adadd3cd09cd4ee0cff3da6cc69ef6c3765b9b8b32779f8d647b,1826,2026-08-26T13:10:20.214453+00:00,
mutant_owl,,public,benchmark\external-real-v1\mutants\EXT_E024.owl,3e769c27fcf4356eab0479c6e1c901c63c2194828a8d0b39bd09ed0d35530ada,1826,2026-08-26T13:10:20.215450+00:00,
mutant_owl,,public,benchmark\external-real-v1\mutants\EXT_E025.owl,d5c016f617e86dda54eb6f7b0ff1e28573051ced3b986aeda8bb750cc82c7801,1831,2026-08-26T13:10:20.216451+00:00,
mutant_owl,,public,benchmark\external-real-v1\mutants\EXT_E026.owl,20613575815fe73b1322184a05d3252a1101d00520a3ff7d2112c4d31c6056f3,1837,2026-08-26T13:10:20.217451+00:00,
mutant_owl,,public,benchmark\external-real-v1\mutants\EXT_E027.owl,e7b9e37b732bc2cdd6940595e1e7aa42858f21fa9d9e16c77979e45b910edad5,1844,2026-08-26T13:10:20.218706+00:00,
mutant_owl,,public,benchmark\external-real-v1\mutants\EXT_E028.owl,216c19d7ff9c3d4b90389b393e16c53a43f1268c0272e7ca638821137200a6ab,1837,2026-08-26T13:10:20.218706+00:00,
mutant_owl,,public,benchmark\external-real-v1\mutants\EXT_E029.owl,59c0e4bec3127a4d50532ad0f7d3751570f45678688403174d5fa4eb75843441,1838,2026-08-26T13:10:20.219711+00:00,
mutant_owl,,public,benchmark\external-real-v1\mutants\EXT_E030.owl,d045efa0305b52fda9f1f97d5f8d7a2926035bc511a359a2251e8fff284c369b,1831,2026-08-26T13:10:20.221146+00:00,
reproduction_script,,public,src\generate_external_real_v1_freeze_manifest.py,f86e86fb3000c7279d0a34ef15a76d227b6decadb0c8cc1e62c3169373c2b2e2,9419,2026-08-26T12:53:18.161925+00:00,
reproduction_script,,public,src\generate_external_real_v1_repair_artifacts.py,0e0c47d34188518288b34eac7672c410b50891e4b7e3e5c958367444383b0f36,6952,2026-08-26T12:53:18.160861+00:00,
reproduction_script,,public,src\semantic_v2_common.py,d473892323953d54a75a534a5c5195200b9fbc399d5e525e1b6837627900e8de,6623,2026-08-21T08:45:50.829498+00:00,
reproduction_script,,public,src\update_external_real_v1_document_hashes.py,a35c31f0a99a3d5b8403d80acf135c19970a91be83c7287bbbc8a73363ac4248,2351,2026-08-26T12:26:48.062418+00:00,
reproduction_script,,public,src\validate_external_real_v1.py,7ae48c3aa8f268ceb0e7ea6fd7373153066afd20cb585f4d68593b28eabbe3ed,15922,2026-08-26T12:46:25.443933+00:00,
source_document,,public,benchmark\external-real-v1\documents\EXT_SRC_001_BEIJING_AGRI_INSURANCE_2025_TERMS.pdf,65bdc05bca93d34781800f213960b4c25f673bd8d347d7592b24d946cce725e1,1600994,2026-08-26T12:31:54.641365+00:00,
source_document,,public,benchmark\external-real-v1\documents\EXT_SRC_001_BEIJING_AGRI_INSURANCE_2026_TERMS.pdf,62931dcd4c9a4d74745df72d0d9124e2a51c4a1c1c5756e8b4d046fbd9e8ddc9,12055453,2026-08-26T12:32:01.284162+00:00,
source_document,,public,benchmark\external-real-v1\documents\EXT_SRC_002_WCAG20_2008.html,3a438f1a4aa7b6a0848ce9dcd8cc0388577b6109c3bace7c68bd44df159d19c3,191633,2026-08-26T13:06:12.136148+00:00,
source_document,,public,benchmark\external-real-v1\documents\EXT_SRC_002_WCAG21_2018.html,a8793e95937866bacd03d9b421e4e889bc7811b84d0ddec6ed8c790f8e7f67dd,311199,2026-08-26T13:06:14.061701+00:00,
source_document,,public,benchmark\external-real-v1\documents\EXT_SRC_002_WCAG21_NEW.html,dbb5767bca9a21b6f6c289334296359de16ef9d47201ec25858e020548b24644,68112,2026-08-26T13:06:16.499085+00:00,
source_document,,public,benchmark\external-real-v1\documents\EXT_SRC_002_WCAG22_CURRENT.html,6e3c5fe397257cae509a2fb4752b73062cf8cbeb92c2cec618989b17e4cf7057,512457,2026-08-26T13:06:15.172805+00:00,
source_document,,public,benchmark\external-real-v1\documents\EXT_SRC_002_WCAG22_NEW.html,c050fb6c59fe8df6e2283ffb6feca05c9d61178a68957e72fc390ee54a18358c,59829,2026-08-26T13:06:17.189554+00:00,
source_document,,public,benchmark\external-real-v1\documents\EXT_SRC_003_NIST_800_63_3.html,9c067241d81f04ebd7652e4ceae1aad1b10af37298f47823dc88a3f3b05bae72,7682,2026-08-26T13:06:24.320937+00:00,
source_document,,public,benchmark\external-real-v1\documents\EXT_SRC_003_NIST_800_63_4.html,97dfb782acaa74afbf030bdadb523bbea097dcd8713f7f4912c3389e2c84bc17,8842,2026-08-26T13:06:25.513896+00:00,
source_document,excerpts,public,benchmark\external-real-v1\documents\excerpts\EXT_E001-evidence.md,600d494651d1c8be844b5381b1788bc4dde0e48b7c919d999f17bb39af674be8,1541,2026-08-26T12:44:56.168319+00:00,
source_document,excerpts,public,benchmark\external-real-v1\documents\excerpts\EXT_E002-evidence.md,38789fb6d40aa4e4a0284dababa91bf2b452a0b7ba307f4c39129940d16978f5,1410,2026-08-26T12:54:58.101660+00:00,
source_document,excerpts,public,benchmark\external-real-v1\documents\excerpts\EXT_E003-evidence.md,da080a3737ac908c270c7e1e4b96c86c0e517baa2cbd46f3b868af370d561f40,1168,2026-08-26T12:54:58.101660+00:00,
source_document,excerpts,public,benchmark\external-real-v1\documents\excerpts\EXT_E004-evidence.md,0ab300bb2a1718d0f110dc0f39f7857cb7f8a89ba586b0259d4aa5c55aac0161,707,2026-08-26T13:10:10.789919+00:00,
source_document,excerpts,public,benchmark\external-real-v1\documents\excerpts\EXT_E005-evidence.md,c29f7b5716e42dadd2fbea042a10fb37b6d9fad15fee3dba502466e0a81d5542,709,2026-08-26T13:10:10.789919+00:00,
source_document,excerpts,public,benchmark\external-real-v1\documents\excerpts\EXT_E006-evidence.md,b600d10c9097f8164c27be1184a64672921bdcb702cba5ff8a85967336fbaa7b,698,2026-08-26T13:10:10.791196+00:00,
source_document,excerpts,public,benchmark\external-real-v1\documents\excerpts\EXT_E007-evidence.md,7029396859bdd2ef99fcc924687e4a6292cfa3e80203b5a5e3f49afc5ee1b905,695,2026-08-26T13:10:10.791196+00:00,
source_document,excerpts,public,benchmark\external-real-v1\documents\excerpts\EXT_E008-evidence.md,67e4e65ed6f642341884c68cee1d151bd8a06f2f46784c99c0bbda3f9631560c,696,2026-08-26T13:10:10.791196+00:00,
source_document,excerpts,public,benchmark\external-real-v1\documents\excerpts\EXT_E009-evidence.md,711e8d90845e37b0ea03066104f64e28db8916f68d3a320456abef0d0ce9898c,689,2026-08-26T13:10:10.792198+00:00,
source_document,excerpts,public,benchmark\external-real-v1\documents\excerpts\EXT_E010-evidence.md,02a5511785ced5ee28cdcaaa5c8c6c525524d4ab679acf2d8d6ad99274520353,689,2026-08-26T13:10:10.792198+00:00,
source_document,excerpts,public,benchmark\external-real-v1\documents\excerpts\EXT_E011-evidence.md,0fc57a7d55dce1d8751fb5c93b9a821b78c5e8fb7bdbd694a3e1663c7b65da4c,710,2026-08-26T13:10:10.792198+00:00,
source_document,excerpts,public,benchmark\external-real-v1\documents\excerpts\EXT_E012-evidence.md,35a26f0fd2144f17303db3510ddb8e9b74ec92fbab352c91697fdfd0707e651b,712,2026-08-26T13:10:10.793455+00:00,
source_document,excerpts,public,benchmark\external-real-v1\documents\excerpts\EXT_E013-evidence.md,0888451722360181b435f701d198712a0f2a3b092bf9f35f90882d69daa12638,711,2026-08-26T13:10:10.793455+00:00,
source_document,excerpts,public,benchmark\external-real-v1\documents\excerpts\EXT_E014-evidence.md,90abaf87682679a692165c766e7808651ad903912572fd533fd94735a20e902a,722,2026-08-26T13:10:10.793455+00:00,
source_document,excerpts,public,benchmark\external-real-v1\documents\excerpts\EXT_E015-evidence.md,4a25af631f79499cf9e7bbb1340068c2055a17925b63ee229adc87614c7bbce0,717,2026-08-26T13:10:10.794462+00:00,
source_document,excerpts,public,benchmark\external-real-v1\documents\excerpts\EXT_E016-evidence.md,23537de71851ef31fb5eb6f2acbbaac434dc3e61c819e171bc7fb153aff930ce,710,2026-08-26T13:10:10.794462+00:00,
source_document,excerpts,public,benchmark\external-real-v1\documents\excerpts\EXT_E017-evidence.md,211c9be5529999f0596c7a594b184529beb984d4fc7d40e742dc84fad4b9182c,721,2026-08-26T13:10:10.794462+00:00,
source_document,excerpts,public,benchmark\external-real-v1\documents\excerpts\EXT_E018-evidence.md,5d82b09fd2f5972e9ec10a17fcf2475920011d4611bac2e2a00f70369809380e,716,2026-08-26T13:10:10.794462+00:00,
source_document,excerpts,public,benchmark\external-real-v1\documents\excerpts\EXT_E019-evidence.md,da441ee87d13c64a68689bc6dab6bca36260b16bc1332fe6e9bd54cf28b6dc44,729,2026-08-26T13:10:10.795967+00:00,
source_document,excerpts,public,benchmark\external-real-v1\documents\excerpts\EXT_E020-evidence.md,5be57cbee1b77d0e888e229669d0d6787e7b16279828de5f543a664ae2e1f755,720,2026-08-26T13:10:10.795967+00:00,
source_document,excerpts,public,benchmark\external-real-v1\documents\excerpts\EXT_E021-evidence.md,5437c24bcea5793587330129ba9d0db09cda7ea32e15b200ea02fe7a5f03ad5d,715,2026-08-26T13:10:10.796971+00:00,
source_document,excerpts,public,benchmark\external-real-v1\documents\excerpts\EXT_E022-evidence.md,d0d2ac8e099234e29a65af97bdd8532a5e7847b5ca8bc095f5ccaa834cffe874,708,2026-08-26T13:10:10.796971+00:00,
source_document,excerpts,public,benchmark\external-real-v1\documents\excerpts\EXT_E023-evidence.md,43568f9066f233e48ead4c0c5368b7c44eb505053e1678025e1e92f1095e6731,712,2026-08-26T13:10:10.796971+00:00,
source_document,excerpts,public,benchmark\external-real-v1\documents\excerpts\EXT_E024-evidence.md,cd89ab95dee5c25623028e464509cdb2ebf232763f8172cb4047ee7cbe40bec8,705,2026-08-26T13:10:10.796971+00:00,
source_document,excerpts,public,benchmark\external-real-v1\documents\excerpts\EXT_E025-evidence.md,3c154dad22f7d5628e7df173f1564c4f6f24f49a647d2bbf924abe357bb00ba3,812,2026-08-26T13:10:10.798414+00:00,
source_document,excerpts,public,benchmark\external-real-v1\documents\excerpts\EXT_E026-evidence.md,1064ca9f607c3dbc4e144432de2767f9600790980636c3b3af483f48b403c6b6,821,2026-08-26T13:10:10.798414+00:00,
source_document,excerpts,public,benchmark\external-real-v1\documents\excerpts\EXT_E027-evidence.md,783849b8a5b8d24235e2ecc62f87a14bbdc37bf8d2afd2508701a920c7c3b3a5,865,2026-08-26T13:10:10.798414+00:00,
source_document,excerpts,public,benchmark\external-real-v1\documents\excerpts\EXT_E028-evidence.md,ca71103dfe0ffce2aef46e74e98040921894fd2237f3c945f4f1885815b3428a,880,2026-08-26T13:10:10.799680+00:00,
source_document,excerpts,public,benchmark\external-real-v1\documents\excerpts\EXT_E029-evidence.md,1fe19f7db2447e98c211e26e506e12c40228edaaada7d9d6a1bd621e5b033498,842,2026-08-26T13:10:10.799680+00:00,
source_document,excerpts,public,benchmark\external-real-v1\documents\excerpts\EXT_E030-evidence.md,1f7ef4578d10c58fcc564f06cc5c52cec94df523ca05119738b62b2996e5cb5e,784,2026-08-26T13:10:10.799680+00:00,
source_intake_csv,,public,benchmark\external-real-v1\source-intake\external-real-source-intake.csv,aaf364c86c4a18db6157198ae2d22133701581a1747ecb14b340fabfb3184f8f,1710,2026-08-26T13:10:10.735990+00:00,
source_intake_readme,,public,benchmark\external-real-v1\source-intake\README.md,525549ec89e0ec7342ba05c47b0ae567736617ee27f9693ad39352fbe9e26684,710,2026-08-26T12:26:48.062418+00:00,
