split,event_id,semantic_type,run,seed,method,status,selected_option_id,selected_candidate_id,selected_value,reason,candidate_order,runtime_ms,response_mode,prompt_eval_count,eval_count,done_reason,raw_content,policy_loaded,applicable_rule,allowed_values,survivor_count,decision_path,qwen_called,oracle_candidate_id,oracle_value,oracle_correct
test,E14,TEMPORAL_VERSION,1,20260901,VALUE_ENUM,ABSTAIN,,,,核保受理日2026-08-20处于DOC_E14_CURRENT生效期（2026-08-01至2026-08-31），其一般规则规定最高投保年龄为62周岁；DOC_E14_FUTURE虽已发布但生效日为2026-09-01，且其第三条明确生效日前受理申请不因修订改变适用版本。因此当前应适用DOC_E14_CURRENT的62周岁。,OPTION_A=CAND_003|OPTION_B=CAND_002|OPTION_C=CAND_001,5367,json_schema,1052,130,stop,"{""abstain"": false, ""value"": ""ABSTAIN"", ""reason"": ""核保受理日2026-08-20处于DOC_E14_CURRENT生效期（2026-08-01至2026-08-31），其一般规则规定最高投保年龄为62周岁；DOC_E14_FUTURE虽已发布但生效日为2026-09-01，且其第三条明确生效日前受理申请不因修订改变适用版本。因此当前应适用DOC_E14_CURRENT的62周岁。""}",,,,,,True,CAND_002,62,False
test,E14,TEMPORAL_VERSION,2,20260902,VALUE_ENUM,ABSTAIN,,,,核保受理日2026-08-20处于DOC_E14_CURRENT生效期（2026-08-01至2026-08-31），其一般规则规定最高投保年龄为62周岁；DOC_E14_FUTURE虽已发布但生效日为2026-09-01，且其第三条明确生效日前受理申请不因修订改变适用版本。因此当前应适用DOC_E14_CURRENT的62周岁。,OPTION_A=CAND_003|OPTION_B=CAND_001|OPTION_C=CAND_002,4430,json_schema,1052,130,stop,"{""abstain"": false, ""value"": ""ABSTAIN"", ""reason"": ""核保受理日2026-08-20处于DOC_E14_CURRENT生效期（2026-08-01至2026-08-31），其一般规则规定最高投保年龄为62周岁；DOC_E14_FUTURE虽已发布但生效日为2026-09-01，且其第三条明确生效日前受理申请不因修订改变适用版本。因此当前应适用DOC_E14_CURRENT的62周岁。""}",,,,,,True,CAND_002,62,False
test,E14,TEMPORAL_VERSION,3,20260903,VALUE_ENUM,ABSTAIN,,,,核保受理日2026年8月20日处于DOC_E14_CURRENT（2026-08-01至2026-08-31）生效期内，其一般规则规定最高投保年龄为62周岁。虽然DOC_E14_FUTURE已发布但尚未生效（生效日为2026年9月1日），且DOC_E14_CURRENT第四条明确排除未生效版本适用。然而，DOC_E14_CURRENT第三条存在例外：团体连续,OPTION_A=CAND_001|OPTION_B=CAND_002|OPTION_C=CAND_003,4845,json_schema,1052,134,stop,"{""abstain"": false, ""value"": ""ABSTAIN"", ""reason"": ""核保受理日2026年8月20日处于DOC_E14_CURRENT（2026-08-01至2026-08-31）生效期内，其一般规则规定最高投保年龄为62周岁。虽然DOC_E14_FUTURE已发布但尚未生效（生效日为2026年9月1日），且DOC_E14_CURRENT第四条明确排除未生效版本适用。然而，DOC_E14_CURRENT第三条存在例外：团体连续""
}",,,,,,True,CAND_002,62,False
test,E14,TEMPORAL_VERSION,4,20260904,VALUE_ENUM,SELECTED,OPTION_C,CAND_002,62,核保受理日（2026-08-20）处于 DOC_E14_CURRENT（2026-08-01 至 2026-08-31）的有效期内，且 DOC_E14_FUTURE 尚未生效。DOC_E14_CURRENT 第二条规定最高投保年龄为 62 周岁，第四条明确以核保受理日正在生效的版本为准。,OPTION_A=CAND_001|OPTION_B=CAND_003|OPTION_C=CAND_002,4417,json_schema,1052,121,stop,"{
  ""abstain"": false,
  ""value"": ""62"",
  ""reason"": ""核保受理日（2026-08-20）处于 DOC_E14_CURRENT（2026-08-01 至 2026-08-31）的有效期内，且 DOC_E14_FUTURE 尚未生效。DOC_E14_CURRENT 第二条规定最高投保年龄为 62 周岁，第四条明确以核保受理日正在生效的版本为准。""
}",,,,,,True,CAND_002,62,True
test,E14,TEMPORAL_VERSION,5,20260905,VALUE_ENUM,ABSTAIN,,,,核保受理日2026-08-20处于DOC_E14_CURRENT生效期（2026-08-01至2026-08-31），其一般规则规定最高投保年龄为62周岁；DOC_E14_FUTURE虽已发布但生效日为2026-09-01，且其第三条明确生效日前受理申请不因修订改变适用版本。因此当前应适用DOC_E14_CURRENT的62周岁。,OPTION_A=CAND_002|OPTION_B=CAND_003|OPTION_C=CAND_001,4929,json_schema,1052,130,stop,"{""abstain"": false, ""value"": ""ABSTAIN"", ""reason"": ""核保受理日2026-08-20处于DOC_E14_CURRENT生效期（2026-08-01至2026-08-31），其一般规则规定最高投保年龄为62周岁；DOC_E14_FUTURE虽已发布但生效日为2026-09-01，且其第三条明确生效日前受理申请不因修订改变适用版本。因此当前应适用DOC_E14_CURRENT的62周岁。""}",,,,,,True,CAND_002,62,False
test,E14,TEMPORAL_VERSION,6,20260906,VALUE_ENUM,SELECTED,OPTION_B,CAND_002,62,核保受理日（2026-08-20）处于 DOC_E14_CURRENT 生效期间（2026-08-01 至 2026-08-31），且 DOC_E14_FUTURE 尚未生效。DOC_E14_CURRENT 第二条规定最高投保年龄为 62 周岁，第四条明确以受理日生效版本为准。,OPTION_A=CAND_001|OPTION_B=CAND_002|OPTION_C=CAND_003,4346,json_schema,1052,118,stop,"{
  ""abstain"": false,
  ""value"": ""62"",
  ""reason"": ""核保受理日（2026-08-20）处于 DOC_E14_CURRENT 生效期间（2026-08-01 至 2026-08-31），且 DOC_E14_FUTURE 尚未生效。DOC_E14_CURRENT 第二条规定最高投保年龄为 62 周岁，第四条明确以受理日生效版本为准。""
}",,,,,,True,CAND_002,62,True
test,E14,TEMPORAL_VERSION,7,20260907,VALUE_ENUM,SELECTED,OPTION_C,CAND_002,62,"核保受理日（2026-08-20）处于 DOC_E14_CURRENT 生效区间 [2026-08-01, 2026-08-31]，且 DOC_E14_FUTURE 尚未生效。DOC_E14_CURRENT 第二条规定最高投保年龄为 62 周岁，第四条明确以受理日有效版本为准。",OPTION_A=CAND_001|OPTION_B=CAND_003|OPTION_C=CAND_002,4595,json_schema,1052,118,stop,"{
  ""abstain"": false,
  ""value"": ""62"",
  ""reason"": ""核保受理日（2026-08-20）处于 DOC_E14_CURRENT 生效区间 [2026-08-01, 2026-08-31]，且 DOC_E14_FUTURE 尚未生效。DOC_E14_CURRENT 第二条规定最高投保年龄为 62 周岁，第四条明确以受理日有效版本为准。""
}",,,,,,True,CAND_002,62,True
test,E14,TEMPORAL_VERSION,8,20260908,VALUE_ENUM,SELECTED,OPTION_C,CAND_002,62,核保受理日（2026-08-20）处于 DOC_E14_CURRENT 生效区间内，且 DOC_E14_FUTURE 尚未生效。DOC_E14_CURRENT 第二条规定最高投保年龄为 62 周岁。,OPTION_A=CAND_003|OPTION_B=CAND_001|OPTION_C=CAND_002,3389,json_schema,1052,86,stop,"{
  ""abstain"": false,
  ""value"": ""62"",
  ""reason"": ""核保受理日（2026-08-20）处于 DOC_E14_CURRENT 生效区间内，且 DOC_E14_FUTURE 尚未生效。DOC_E14_CURRENT 第二条规定最高投保年龄为 62 周岁。""
}",,,,,,True,CAND_002,62,True
test,E14,TEMPORAL_VERSION,9,20260909,VALUE_ENUM,ABSTAIN,,,,核保受理日2026-08-20处于DOC_E14_CURRENT生效期（2026-08-01至2026-08-31），其一般规则规定最高投保年龄为62周岁；DOC_E14_FUTURE虽已发布但生效日为2026-09-01，且其第三条明确生效日前受理申请不因修订改变适用版本。因此当前应适用DOC_E14_CURRENT的62周岁。,OPTION_A=CAND_002|OPTION_B=CAND_003|OPTION_C=CAND_001,4917,json_schema,1052,130,stop,"{""abstain"": false, ""value"": ""ABSTAIN"", ""reason"": ""核保受理日2026-08-20处于DOC_E14_CURRENT生效期（2026-08-01至2026-08-31），其一般规则规定最高投保年龄为62周岁；DOC_E14_FUTURE虽已发布但生效日为2026-09-01，且其第三条明确生效日前受理申请不因修订改变适用版本。因此当前应适用DOC_E14_CURRENT的62周岁。""}",,,,,,True,CAND_002,62,False
test,E14,TEMPORAL_VERSION,10,20260910,VALUE_ENUM,ABSTAIN,,,,核保受理日2026-08-20处于DOC_E14_CURRENT生效期（2026-08-01至2026-08-31），其一般规则规定最高投保年龄为62周岁；DOC_E14_FUTURE虽已发布但生效日为2026-09-01，且其第三条明确生效日前受理申请不因修订改变适用版本。因此当前应适用DOC_E14_CURRENT的62周岁。,OPTION_A=CAND_002|OPTION_B=CAND_001|OPTION_C=CAND_003,4824,json_schema,1052,130,stop,"{""abstain"": false, ""value"": ""ABSTAIN"", ""reason"": ""核保受理日2026-08-20处于DOC_E14_CURRENT生效期（2026-08-01至2026-08-31），其一般规则规定最高投保年龄为62周岁；DOC_E14_FUTURE虽已发布但生效日为2026-09-01，且其第三条明确生效日前受理申请不因修订改变适用版本。因此当前应适用DOC_E14_CURRENT的62周岁。""}",,,,,,True,CAND_002,62,False
test,E14,TEMPORAL_VERSION,11,20260911,VALUE_ENUM,SELECTED,OPTION_A,CAND_002,62,核保受理日为2026年8月20日，处于DOC_E14_CURRENT（2026-08-01至2026-08-31）的有效期内。DOC_E14_FUTURE虽已发布但生效日期为2026-09-01，晚于受理日，且其条款第四条明确规定“发布日早于受理日但生效日晚于受理日的版本暂不适用”。因此，适用DOC_E14_CURRENT的一般规则，最高投保年龄为62周岁。,OPTION_A=CAND_002|OPTION_B=CAND_001|OPTION_C=CAND_003,5384,json_schema,1052,147,stop,"{
  ""abstain"": false,
  ""value"": ""62"",
  ""reason"": ""核保受理日为2026年8月20日，处于DOC_E14_CURRENT（2026-08-01至2026-08-31）的有效期内。DOC_E14_FUTURE虽已发布但生效日期为2026-09-01，晚于受理日，且其条款第四条明确规定“发布日早于受理日但生效日晚于受理日的版本暂不适用”。因此，适用DOC_E14_CURRENT的一般规则，最高投保年龄为62周岁。""
}",,,,,,True,CAND_002,62,True
test,E14,TEMPORAL_VERSION,12,20260912,VALUE_ENUM,ABSTAIN,,,,核保受理日2026-08-20处于DOC_E14_CURRENT生效期（2026-08-01至2026-08-31），其一般规则规定最高投保年龄为62周岁；DOC_E14_FUTURE虽已发布但生效日为2026-09-01，且其例外规则明确生效日前受理申请不因修订改变适用版本。因此当前应适用DOC_E14_CURRENT的62周岁。然而，根据指令要求‘证据足,OPTION_A=CAND_003|OPTION_B=CAND_002|OPTION_C=CAND_001,5378,json_schema,1052,141,stop,"{""abstain"": false, ""value"": ""ABSTAIN"", ""reason"": ""核保受理日2026-08-20处于DOC_E14_CURRENT生效期（2026-08-01至2026-08-31），其一般规则规定最高投保年龄为62周岁；DOC_E14_FUTURE虽已发布但生效日为2026-09-01，且其例外规则明确生效日前受理申请不因修订改变适用版本。因此当前应适用DOC_E14_CURRENT的62周岁。然而，根据指令要求‘证据足""
}",,,,,,True,CAND_002,62,False
test,E14,TEMPORAL_VERSION,13,20260913,VALUE_ENUM,ABSTAIN,,,,核保受理日2026-08-20处于DOC_E14_CURRENT生效期（2026-08-01至2026-08-31），其一般规则规定最高投保年龄为62周岁；DOC_E14_FUTURE虽已发布但生效日为2026-09-01，且其第三条明确生效日前受理申请不因修订改变适用版本。因此当前应适用DOC_E14_CURRENT的62周岁。,OPTION_A=CAND_002|OPTION_B=CAND_003|OPTION_C=CAND_001,4893,json_schema,1052,130,stop,"{""abstain"": false, ""value"": ""ABSTAIN"", ""reason"": ""核保受理日2026-08-20处于DOC_E14_CURRENT生效期（2026-08-01至2026-08-31），其一般规则规定最高投保年龄为62周岁；DOC_E14_FUTURE虽已发布但生效日为2026-09-01，且其第三条明确生效日前受理申请不因修订改变适用版本。因此当前应适用DOC_E14_CURRENT的62周岁。""}",,,,,,True,CAND_002,62,False
test,E14,TEMPORAL_VERSION,14,20260914,VALUE_ENUM,ABSTAIN,,,,核保受理日2026-08-20处于DOC_E14_CURRENT生效期（2026-08-01至2026-08-31），其一般规则规定最高投保年龄为62周岁；DOC_E14_FUTURE虽已发布但生效日为2026-09-01，且其第三条明确生效日前受理申请不因修订改变适用版本。因此当前应适用DOC_E14_CURRENT的62周岁。,OPTION_A=CAND_002|OPTION_B=CAND_001|OPTION_C=CAND_003,4889,json_schema,1052,130,stop,"{""abstain"": false, ""value"": ""ABSTAIN"", ""reason"": ""核保受理日2026-08-20处于DOC_E14_CURRENT生效期（2026-08-01至2026-08-31），其一般规则规定最高投保年龄为62周岁；DOC_E14_FUTURE虽已发布但生效日为2026-09-01，且其第三条明确生效日前受理申请不因修订改变适用版本。因此当前应适用DOC_E14_CURRENT的62周岁。""}",,,,,,True,CAND_002,62,False
test,E14,TEMPORAL_VERSION,15,20260915,VALUE_ENUM,ABSTAIN,,,,核保受理日2026-08-20处于DOC_E14_CURRENT生效期（2026-08-01至2026-08-31），其一般规则规定最高投保年龄为62周岁；DOC_E14_FUTURE虽已发布但生效日为2026-09-01，且其第三条明确生效日前受理申请不因修订改变适用版本。因此当前应适用DOC_E14_CURRENT的62周岁。,OPTION_A=CAND_001|OPTION_B=CAND_003|OPTION_C=CAND_002,5140,json_schema,1052,130,stop,"{""abstain"": false, ""value"": ""ABSTAIN"", ""reason"": ""核保受理日2026-08-20处于DOC_E14_CURRENT生效期（2026-08-01至2026-08-31），其一般规则规定最高投保年龄为62周岁；DOC_E14_FUTURE虽已发布但生效日为2026-09-01，且其第三条明确生效日前受理申请不因修订改变适用版本。因此当前应适用DOC_E14_CURRENT的62周岁。""}",,,,,,True,CAND_002,62,False
test,E14,TEMPORAL_VERSION,16,20260916,VALUE_ENUM,ABSTAIN,,,,核保受理日2026-08-20处于DOC_E14_CURRENT生效期（2026-08-01至2026-08-31），其一般规则规定最高投保年龄为62周岁；DOC_E14_FUTURE虽已发布但生效日为2026-09-01，晚于受理日，且其例外规则明确生效日前受理申请不因修订改变适用版本。因此当前适用值为62周岁。,OPTION_A=CAND_001|OPTION_B=CAND_002|OPTION_C=CAND_003,4874,json_schema,1052,130,stop,"{""abstain"": false, ""value"": ""ABSTAIN"", ""reason"": ""核保受理日2026-08-20处于DOC_E14_CURRENT生效期（2026-08-01至2026-08-31），其一般规则规定最高投保年龄为62周岁；DOC_E14_FUTURE虽已发布但生效日为2026-09-01，晚于受理日，且其例外规则明确生效日前受理申请不因修订改变适用版本。因此当前适用值为62周岁。""}",,,,,,True,CAND_002,62,False
test,E14,TEMPORAL_VERSION,17,20260917,VALUE_ENUM,ABSTAIN,,,,核保受理日2026-08-20处于DOC_E14_CURRENT有效期（2026-08-01至2026-08-31），适用其一般规则62周岁；但DOC_E14_FUTURE明确声明生效日前受理申请不因发布而改变，且DOC_E14_CURRENT第四条要求以核保受理日正在生效版本为准。由于存在例外规则（团体转入）及未来条款对受理日版本的锁定声明，当前证据不足以,OPTION_A=CAND_003|OPTION_B=CAND_002|OPTION_C=CAND_001,5151,json_schema,1052,134,stop,"{""abstain"": false, ""value"": ""ABSTAIN"", ""reason"": ""核保受理日2026-08-20处于DOC_E14_CURRENT有效期（2026-08-01至2026-08-31），适用其一般规则62周岁；但DOC_E14_FUTURE明确声明生效日前受理申请不因发布而改变，且DOC_E14_CURRENT第四条要求以核保受理日正在生效版本为准。由于存在例外规则（团体转入）及未来条款对受理日版本的锁定声明，当前证据不足以""
}",,,,,,True,CAND_002,62,False
test,E14,TEMPORAL_VERSION,18,20260918,VALUE_ENUM,ABSTAIN,,,,核保受理日2026-08-20处于DOC_E14_CURRENT生效期（2026-08-01至2026-08-31），其一般规则规定最高投保年龄为62周岁；DOC_E14_FUTURE虽已发布但生效日为2026-09-01，且其第三条明确生效日前受理申请不因修订改变适用版本。因此当前应适用DOC_E14_CURRENT的62周岁。,OPTION_A=CAND_002|OPTION_B=CAND_003|OPTION_C=CAND_001,5039,json_schema,1052,130,stop,"{""abstain"": false, ""value"": ""ABSTAIN"", ""reason"": ""核保受理日2026-08-20处于DOC_E14_CURRENT生效期（2026-08-01至2026-08-31），其一般规则规定最高投保年龄为62周岁；DOC_E14_FUTURE虽已发布但生效日为2026-09-01，且其第三条明确生效日前受理申请不因修订改变适用版本。因此当前应适用DOC_E14_CURRENT的62周岁。""}",,,,,,True,CAND_002,62,False
test,E14,TEMPORAL_VERSION,19,20260919,VALUE_ENUM,ABSTAIN,,,,核保受理日2026-08-20处于DOC_E14_CURRENT生效期（2026-08-01至2026-08-31），其一般规则规定最高投保年龄为62周岁；DOC_E14_FUTURE虽已发布但生效日为2026-09-01，且其第三条明确生效日前受理申请不因修订改变适用版本。根据DOC_E14_CURRENT第四条及DOC_E14_FUTURE第四条，应以核,OPTION_A=CAND_002|OPTION_B=CAND_003|OPTION_C=CAND_001,5278,json_schema,1052,136,stop,"{""abstain"": false, ""value"": ""ABSTAIN"", ""reason"": ""核保受理日2026-08-20处于DOC_E14_CURRENT生效期（2026-08-01至2026-08-31），其一般规则规定最高投保年龄为62周岁；DOC_E14_FUTURE虽已发布但生效日为2026-09-01，且其第三条明确生效日前受理申请不因修订改变适用版本。根据DOC_E14_CURRENT第四条及DOC_E14_FUTURE第四条，应以核""
}",,,,,,True,CAND_002,62,False
test,E14,TEMPORAL_VERSION,20,20260920,VALUE_ENUM,ABSTAIN,,,,核保受理日2026-08-20时DOC_E14_CURRENT已失效（至2026-08-31），DOC_E14_FUTURE尚未生效（自2026-09-01）。DOC_E14_CURRENT第四条要求以核保受理日正在生效版本为准，但此时无有效版本；DOC_E14_FUTURE第三条规定生效日前受理申请不因发布而改变，但未指定当前适用值。证据不足无法确定当前应,OPTION_A=CAND_003|OPTION_B=CAND_001|OPTION_C=CAND_002,5041,json_schema,1052,132,stop,"{""abstain"": false, ""value"": ""ABSTAIN"", ""reason"": ""核保受理日2026-08-20时DOC_E14_CURRENT已失效（至2026-08-31），DOC_E14_FUTURE尚未生效（自2026-09-01）。DOC_E14_CURRENT第四条要求以核保受理日正在生效版本为准，但此时无有效版本；DOC_E14_FUTURE第三条规定生效日前受理申请不因发布而改变，但未指定当前适用值。证据不足无法确定当前应""
}",,,,,,True,CAND_002,62,False
