attempt_id,error_id,error_type,run_id,seed,model,prompt_mode,temperature,source_catalog,source_mutant,selected_candidate_id,selected_description,selection_json,raw_response,candidate_owl,operations_json,operation_count,operators,abstained,accepted,json_parse_pass,strict_selection_pass,candidate_membership_pass,apply_pass,confidence,rationale,ollama_format_mode,llm_runtime_ms,prompt_eval_count,eval_count,ontology_iri,error_message,selection_source,survivor_count,llm_called
survivor-E1-run-001,E1,数值漂移,1,20260820,qwen3.5:9b,counterfactual_survivors,0.2,G:\LearnAI\ontology-evolution\benchmark\repairs\surviving-candidates.json,G:\LearnAI\ontology-evolution\benchmark\mutants\E1_numeric_drift.owl,CAND_001,替换属性：产品A—最高投保年龄，70 → 65,G:\LearnAI\ontology-evolution\benchmark\repairs\qwen-ranked-survivors\E1\run-001\selection.json,G:\LearnAI\ontology-evolution\benchmark\repairs\qwen-ranked-survivors\E1\run-001\raw-response.txt,G:\LearnAI\ontology-evolution\benchmark\repairs\qwen-ranked-survivors\E1\run-001\candidate.owl,"[{""operator"": ""REPLACE_PROPERTY_VALUE"", ""subject_iri"": ""file:///G:/LearnAI/ontology-1#产品A"", ""predicate_iri"": ""file:///G:/LearnAI/ontology-1#最高投保年龄"", ""old_value"": {""kind"": ""literal"", ""lexical"": ""70"", ""datatype"": ""http://www.w3.org/2001/XMLSchema#integer""}, ""new_value"": {""kind"": ""literal"", ""lexical"": ""65"", ""datatype"": ""http://www.w3.org/2001/XMLSchema#integer""}}]",1,REPLACE_PROPERTY_VALUE,false,true,true,true,true,true,1.0,唯一候选已通过全部反事实硬门禁，执行确定性选择。,not_called_single_survivor,0,0,0,https://w3id.org/ontology-evolution/insurance-benchmark/survivor-ranked/deterministic/E1/run-001/seed-20260820,,DETERMINISTIC_SELECT,1,false
survivor-E1-run-002,E1,数值漂移,2,20260821,qwen3.5:9b,counterfactual_survivors,0.2,G:\LearnAI\ontology-evolution\benchmark\repairs\surviving-candidates.json,G:\LearnAI\ontology-evolution\benchmark\mutants\E1_numeric_drift.owl,CAND_001,替换属性：产品A—最高投保年龄，70 → 65,G:\LearnAI\ontology-evolution\benchmark\repairs\qwen-ranked-survivors\E1\run-002\selection.json,G:\LearnAI\ontology-evolution\benchmark\repairs\qwen-ranked-survivors\E1\run-002\raw-response.txt,G:\LearnAI\ontology-evolution\benchmark\repairs\qwen-ranked-survivors\E1\run-002\candidate.owl,"[{""operator"": ""REPLACE_PROPERTY_VALUE"", ""subject_iri"": ""file:///G:/LearnAI/ontology-1#产品A"", ""predicate_iri"": ""file:///G:/LearnAI/ontology-1#最高投保年龄"", ""old_value"": {""kind"": ""literal"", ""lexical"": ""70"", ""datatype"": ""http://www.w3.org/2001/XMLSchema#integer""}, ""new_value"": {""kind"": ""literal"", ""lexical"": ""65"", ""datatype"": ""http://www.w3.org/2001/XMLSchema#integer""}}]",1,REPLACE_PROPERTY_VALUE,false,true,true,true,true,true,1.0,唯一候选已通过全部反事实硬门禁，执行确定性选择。,not_called_single_survivor,0,0,0,https://w3id.org/ontology-evolution/insurance-benchmark/survivor-ranked/deterministic/E1/run-002/seed-20260821,,DETERMINISTIC_SELECT,1,false
survivor-E1-run-003,E1,数值漂移,3,20260822,qwen3.5:9b,counterfactual_survivors,0.2,G:\LearnAI\ontology-evolution\benchmark\repairs\surviving-candidates.json,G:\LearnAI\ontology-evolution\benchmark\mutants\E1_numeric_drift.owl,CAND_001,替换属性：产品A—最高投保年龄，70 → 65,G:\LearnAI\ontology-evolution\benchmark\repairs\qwen-ranked-survivors\E1\run-003\selection.json,G:\LearnAI\ontology-evolution\benchmark\repairs\qwen-ranked-survivors\E1\run-003\raw-response.txt,G:\LearnAI\ontology-evolution\benchmark\repairs\qwen-ranked-survivors\E1\run-003\candidate.owl,"[{""operator"": ""REPLACE_PROPERTY_VALUE"", ""subject_iri"": ""file:///G:/LearnAI/ontology-1#产品A"", ""predicate_iri"": ""file:///G:/LearnAI/ontology-1#最高投保年龄"", ""old_value"": {""kind"": ""literal"", ""lexical"": ""70"", ""datatype"": ""http://www.w3.org/2001/XMLSchema#integer""}, ""new_value"": {""kind"": ""literal"", ""lexical"": ""65"", ""datatype"": ""http://www.w3.org/2001/XMLSchema#integer""}}]",1,REPLACE_PROPERTY_VALUE,false,true,true,true,true,true,1.0,唯一候选已通过全部反事实硬门禁，执行确定性选择。,not_called_single_survivor,0,0,0,https://w3id.org/ontology-evolution/insurance-benchmark/survivor-ranked/deterministic/E1/run-003/seed-20260822,,DETERMINISTIC_SELECT,1,false
survivor-E1-run-004,E1,数值漂移,4,20260823,qwen3.5:9b,counterfactual_survivors,0.2,G:\LearnAI\ontology-evolution\benchmark\repairs\surviving-candidates.json,G:\LearnAI\ontology-evolution\benchmark\mutants\E1_numeric_drift.owl,CAND_001,替换属性：产品A—最高投保年龄，70 → 65,G:\LearnAI\ontology-evolution\benchmark\repairs\qwen-ranked-survivors\E1\run-004\selection.json,G:\LearnAI\ontology-evolution\benchmark\repairs\qwen-ranked-survivors\E1\run-004\raw-response.txt,G:\LearnAI\ontology-evolution\benchmark\repairs\qwen-ranked-survivors\E1\run-004\candidate.owl,"[{""operator"": ""REPLACE_PROPERTY_VALUE"", ""subject_iri"": ""file:///G:/LearnAI/ontology-1#产品A"", ""predicate_iri"": ""file:///G:/LearnAI/ontology-1#最高投保年龄"", ""old_value"": {""kind"": ""literal"", ""lexical"": ""70"", ""datatype"": ""http://www.w3.org/2001/XMLSchema#integer""}, ""new_value"": {""kind"": ""literal"", ""lexical"": ""65"", ""datatype"": ""http://www.w3.org/2001/XMLSchema#integer""}}]",1,REPLACE_PROPERTY_VALUE,false,true,true,true,true,true,1.0,唯一候选已通过全部反事实硬门禁，执行确定性选择。,not_called_single_survivor,0,0,0,https://w3id.org/ontology-evolution/insurance-benchmark/survivor-ranked/deterministic/E1/run-004/seed-20260823,,DETERMINISTIC_SELECT,1,false
survivor-E1-run-005,E1,数值漂移,5,20260824,qwen3.5:9b,counterfactual_survivors,0.2,G:\LearnAI\ontology-evolution\benchmark\repairs\surviving-candidates.json,G:\LearnAI\ontology-evolution\benchmark\mutants\E1_numeric_drift.owl,CAND_001,替换属性：产品A—最高投保年龄，70 → 65,G:\LearnAI\ontology-evolution\benchmark\repairs\qwen-ranked-survivors\E1\run-005\selection.json,G:\LearnAI\ontology-evolution\benchmark\repairs\qwen-ranked-survivors\E1\run-005\raw-response.txt,G:\LearnAI\ontology-evolution\benchmark\repairs\qwen-ranked-survivors\E1\run-005\candidate.owl,"[{""operator"": ""REPLACE_PROPERTY_VALUE"", ""subject_iri"": ""file:///G:/LearnAI/ontology-1#产品A"", ""predicate_iri"": ""file:///G:/LearnAI/ontology-1#最高投保年龄"", ""old_value"": {""kind"": ""literal"", ""lexical"": ""70"", ""datatype"": ""http://www.w3.org/2001/XMLSchema#integer""}, ""new_value"": {""kind"": ""literal"", ""lexical"": ""65"", ""datatype"": ""http://www.w3.org/2001/XMLSchema#integer""}}]",1,REPLACE_PROPERTY_VALUE,false,true,true,true,true,true,1.0,唯一候选已通过全部反事实硬门禁，执行确定性选择。,not_called_single_survivor,0,0,0,https://w3id.org/ontology-evolution/insurance-benchmark/survivor-ranked/deterministic/E1/run-005/seed-20260824,,DETERMINISTIC_SELECT,1,false
survivor-E2-run-001,E2,公理缺失,1,20260820,qwen3.5:9b,counterfactual_survivors,0.2,G:\LearnAI\ontology-evolution\benchmark\repairs\surviving-candidates.json,G:\LearnAI\ontology-evolution\benchmark\mutants\E2_missing_axiom.owl,CAND_001,新增属性：产品A—等待期天数—60,G:\LearnAI\ontology-evolution\benchmark\repairs\qwen-ranked-survivors\E2\run-001\selection.json,G:\LearnAI\ontology-evolution\benchmark\repairs\qwen-ranked-survivors\E2\run-001\raw-response.txt,G:\LearnAI\ontology-evolution\benchmark\repairs\qwen-ranked-survivors\E2\run-001\candidate.owl,"[{""operator"": ""ADD_PROPERTY_VALUE"", ""subject_iri"": ""file:///G:/LearnAI/ontology-1#产品A"", ""predicate_iri"": ""file:///G:/LearnAI/ontology-1#等待期天数"", ""new_value"": {""kind"": ""literal"", ""lexical"": ""60"", ""datatype"": ""http://www.w3.org/2001/XMLSchema#integer""}}]",1,ADD_PROPERTY_VALUE,false,true,true,true,true,true,1.0,唯一候选已通过全部反事实硬门禁，执行确定性选择。,not_called_single_survivor,0,0,0,https://w3id.org/ontology-evolution/insurance-benchmark/survivor-ranked/deterministic/E2/run-001/seed-20260820,,DETERMINISTIC_SELECT,1,false
survivor-E2-run-002,E2,公理缺失,2,20260821,qwen3.5:9b,counterfactual_survivors,0.2,G:\LearnAI\ontology-evolution\benchmark\repairs\surviving-candidates.json,G:\LearnAI\ontology-evolution\benchmark\mutants\E2_missing_axiom.owl,CAND_001,新增属性：产品A—等待期天数—60,G:\LearnAI\ontology-evolution\benchmark\repairs\qwen-ranked-survivors\E2\run-002\selection.json,G:\LearnAI\ontology-evolution\benchmark\repairs\qwen-ranked-survivors\E2\run-002\raw-response.txt,G:\LearnAI\ontology-evolution\benchmark\repairs\qwen-ranked-survivors\E2\run-002\candidate.owl,"[{""operator"": ""ADD_PROPERTY_VALUE"", ""subject_iri"": ""file:///G:/LearnAI/ontology-1#产品A"", ""predicate_iri"": ""file:///G:/LearnAI/ontology-1#等待期天数"", ""new_value"": {""kind"": ""literal"", ""lexical"": ""60"", ""datatype"": ""http://www.w3.org/2001/XMLSchema#integer""}}]",1,ADD_PROPERTY_VALUE,false,true,true,true,true,true,1.0,唯一候选已通过全部反事实硬门禁，执行确定性选择。,not_called_single_survivor,0,0,0,https://w3id.org/ontology-evolution/insurance-benchmark/survivor-ranked/deterministic/E2/run-002/seed-20260821,,DETERMINISTIC_SELECT,1,false
survivor-E2-run-003,E2,公理缺失,3,20260822,qwen3.5:9b,counterfactual_survivors,0.2,G:\LearnAI\ontology-evolution\benchmark\repairs\surviving-candidates.json,G:\LearnAI\ontology-evolution\benchmark\mutants\E2_missing_axiom.owl,CAND_001,新增属性：产品A—等待期天数—60,G:\LearnAI\ontology-evolution\benchmark\repairs\qwen-ranked-survivors\E2\run-003\selection.json,G:\LearnAI\ontology-evolution\benchmark\repairs\qwen-ranked-survivors\E2\run-003\raw-response.txt,G:\LearnAI\ontology-evolution\benchmark\repairs\qwen-ranked-survivors\E2\run-003\candidate.owl,"[{""operator"": ""ADD_PROPERTY_VALUE"", ""subject_iri"": ""file:///G:/LearnAI/ontology-1#产品A"", ""predicate_iri"": ""file:///G:/LearnAI/ontology-1#等待期天数"", ""new_value"": {""kind"": ""literal"", ""lexical"": ""60"", ""datatype"": ""http://www.w3.org/2001/XMLSchema#integer""}}]",1,ADD_PROPERTY_VALUE,false,true,true,true,true,true,1.0,唯一候选已通过全部反事实硬门禁，执行确定性选择。,not_called_single_survivor,0,0,0,https://w3id.org/ontology-evolution/insurance-benchmark/survivor-ranked/deterministic/E2/run-003/seed-20260822,,DETERMINISTIC_SELECT,1,false
survivor-E2-run-004,E2,公理缺失,4,20260823,qwen3.5:9b,counterfactual_survivors,0.2,G:\LearnAI\ontology-evolution\benchmark\repairs\surviving-candidates.json,G:\LearnAI\ontology-evolution\benchmark\mutants\E2_missing_axiom.owl,CAND_001,新增属性：产品A—等待期天数—60,G:\LearnAI\ontology-evolution\benchmark\repairs\qwen-ranked-survivors\E2\run-004\selection.json,G:\LearnAI\ontology-evolution\benchmark\repairs\qwen-ranked-survivors\E2\run-004\raw-response.txt,G:\LearnAI\ontology-evolution\benchmark\repairs\qwen-ranked-survivors\E2\run-004\candidate.owl,"[{""operator"": ""ADD_PROPERTY_VALUE"", ""subject_iri"": ""file:///G:/LearnAI/ontology-1#产品A"", ""predicate_iri"": ""file:///G:/LearnAI/ontology-1#等待期天数"", ""new_value"": {""kind"": ""literal"", ""lexical"": ""60"", ""datatype"": ""http://www.w3.org/2001/XMLSchema#integer""}}]",1,ADD_PROPERTY_VALUE,false,true,true,true,true,true,1.0,唯一候选已通过全部反事实硬门禁，执行确定性选择。,not_called_single_survivor,0,0,0,https://w3id.org/ontology-evolution/insurance-benchmark/survivor-ranked/deterministic/E2/run-004/seed-20260823,,DETERMINISTIC_SELECT,1,false
survivor-E2-run-005,E2,公理缺失,5,20260824,qwen3.5:9b,counterfactual_survivors,0.2,G:\LearnAI\ontology-evolution\benchmark\repairs\surviving-candidates.json,G:\LearnAI\ontology-evolution\benchmark\mutants\E2_missing_axiom.owl,CAND_001,新增属性：产品A—等待期天数—60,G:\LearnAI\ontology-evolution\benchmark\repairs\qwen-ranked-survivors\E2\run-005\selection.json,G:\LearnAI\ontology-evolution\benchmark\repairs\qwen-ranked-survivors\E2\run-005\raw-response.txt,G:\LearnAI\ontology-evolution\benchmark\repairs\qwen-ranked-survivors\E2\run-005\candidate.owl,"[{""operator"": ""ADD_PROPERTY_VALUE"", ""subject_iri"": ""file:///G:/LearnAI/ontology-1#产品A"", ""predicate_iri"": ""file:///G:/LearnAI/ontology-1#等待期天数"", ""new_value"": {""kind"": ""literal"", ""lexical"": ""60"", ""datatype"": ""http://www.w3.org/2001/XMLSchema#integer""}}]",1,ADD_PROPERTY_VALUE,false,true,true,true,true,true,1.0,唯一候选已通过全部反事实硬门禁，执行确定性选择。,not_called_single_survivor,0,0,0,https://w3id.org/ontology-evolution/insurance-benchmark/survivor-ranked/deterministic/E2/run-005/seed-20260824,,DETERMINISTIC_SELECT,1,false
survivor-E3-run-001,E3,关系对象错误,1,20260820,qwen3.5:9b,counterfactual_survivors,0.2,G:\LearnAI\ontology-evolution\benchmark\repairs\surviving-candidates.json,G:\LearnAI\ontology-evolution\benchmark\mutants\E3_wrong_relation_target.owl,CAND_001,替换属性：产品A—由公司承保，癌症 → 保险公司甲,G:\LearnAI\ontology-evolution\benchmark\repairs\qwen-ranked-survivors\E3\run-001\selection.json,G:\LearnAI\ontology-evolution\benchmark\repairs\qwen-ranked-survivors\E3\run-001\raw-response.txt,G:\LearnAI\ontology-evolution\benchmark\repairs\qwen-ranked-survivors\E3\run-001\candidate.owl,"[{""operator"": ""REPLACE_PROPERTY_VALUE"", ""subject_iri"": ""file:///G:/LearnAI/ontology-1#产品A"", ""predicate_iri"": ""file:///G:/LearnAI/ontology-1#由公司承保"", ""old_value"": {""kind"": ""iri"", ""iri"": ""file:///G:/LearnAI/ontology-1#癌症""}, ""new_value"": {""kind"": ""iri"", ""iri"": ""file:///G:/LearnAI/ontology-1#保险公司甲""}}]",1,REPLACE_PROPERTY_VALUE,false,true,true,true,true,true,1.0,唯一候选已通过全部反事实硬门禁，执行确定性选择。,not_called_single_survivor,0,0,0,https://w3id.org/ontology-evolution/insurance-benchmark/survivor-ranked/deterministic/E3/run-001/seed-20260820,,DETERMINISTIC_SELECT,1,false
survivor-E3-run-002,E3,关系对象错误,2,20260821,qwen3.5:9b,counterfactual_survivors,0.2,G:\LearnAI\ontology-evolution\benchmark\repairs\surviving-candidates.json,G:\LearnAI\ontology-evolution\benchmark\mutants\E3_wrong_relation_target.owl,CAND_001,替换属性：产品A—由公司承保，癌症 → 保险公司甲,G:\LearnAI\ontology-evolution\benchmark\repairs\qwen-ranked-survivors\E3\run-002\selection.json,G:\LearnAI\ontology-evolution\benchmark\repairs\qwen-ranked-survivors\E3\run-002\raw-response.txt,G:\LearnAI\ontology-evolution\benchmark\repairs\qwen-ranked-survivors\E3\run-002\candidate.owl,"[{""operator"": ""REPLACE_PROPERTY_VALUE"", ""subject_iri"": ""file:///G:/LearnAI/ontology-1#产品A"", ""predicate_iri"": ""file:///G:/LearnAI/ontology-1#由公司承保"", ""old_value"": {""kind"": ""iri"", ""iri"": ""file:///G:/LearnAI/ontology-1#癌症""}, ""new_value"": {""kind"": ""iri"", ""iri"": ""file:///G:/LearnAI/ontology-1#保险公司甲""}}]",1,REPLACE_PROPERTY_VALUE,false,true,true,true,true,true,1.0,唯一候选已通过全部反事实硬门禁，执行确定性选择。,not_called_single_survivor,0,0,0,https://w3id.org/ontology-evolution/insurance-benchmark/survivor-ranked/deterministic/E3/run-002/seed-20260821,,DETERMINISTIC_SELECT,1,false
survivor-E3-run-003,E3,关系对象错误,3,20260822,qwen3.5:9b,counterfactual_survivors,0.2,G:\LearnAI\ontology-evolution\benchmark\repairs\surviving-candidates.json,G:\LearnAI\ontology-evolution\benchmark\mutants\E3_wrong_relation_target.owl,CAND_001,替换属性：产品A—由公司承保，癌症 → 保险公司甲,G:\LearnAI\ontology-evolution\benchmark\repairs\qwen-ranked-survivors\E3\run-003\selection.json,G:\LearnAI\ontology-evolution\benchmark\repairs\qwen-ranked-survivors\E3\run-003\raw-response.txt,G:\LearnAI\ontology-evolution\benchmark\repairs\qwen-ranked-survivors\E3\run-003\candidate.owl,"[{""operator"": ""REPLACE_PROPERTY_VALUE"", ""subject_iri"": ""file:///G:/LearnAI/ontology-1#产品A"", ""predicate_iri"": ""file:///G:/LearnAI/ontology-1#由公司承保"", ""old_value"": {""kind"": ""iri"", ""iri"": ""file:///G:/LearnAI/ontology-1#癌症""}, ""new_value"": {""kind"": ""iri"", ""iri"": ""file:///G:/LearnAI/ontology-1#保险公司甲""}}]",1,REPLACE_PROPERTY_VALUE,false,true,true,true,true,true,1.0,唯一候选已通过全部反事实硬门禁，执行确定性选择。,not_called_single_survivor,0,0,0,https://w3id.org/ontology-evolution/insurance-benchmark/survivor-ranked/deterministic/E3/run-003/seed-20260822,,DETERMINISTIC_SELECT,1,false
survivor-E3-run-004,E3,关系对象错误,4,20260823,qwen3.5:9b,counterfactual_survivors,0.2,G:\LearnAI\ontology-evolution\benchmark\repairs\surviving-candidates.json,G:\LearnAI\ontology-evolution\benchmark\mutants\E3_wrong_relation_target.owl,CAND_001,替换属性：产品A—由公司承保，癌症 → 保险公司甲,G:\LearnAI\ontology-evolution\benchmark\repairs\qwen-ranked-survivors\E3\run-004\selection.json,G:\LearnAI\ontology-evolution\benchmark\repairs\qwen-ranked-survivors\E3\run-004\raw-response.txt,G:\LearnAI\ontology-evolution\benchmark\repairs\qwen-ranked-survivors\E3\run-004\candidate.owl,"[{""operator"": ""REPLACE_PROPERTY_VALUE"", ""subject_iri"": ""file:///G:/LearnAI/ontology-1#产品A"", ""predicate_iri"": ""file:///G:/LearnAI/ontology-1#由公司承保"", ""old_value"": {""kind"": ""iri"", ""iri"": ""file:///G:/LearnAI/ontology-1#癌症""}, ""new_value"": {""kind"": ""iri"", ""iri"": ""file:///G:/LearnAI/ontology-1#保险公司甲""}}]",1,REPLACE_PROPERTY_VALUE,false,true,true,true,true,true,1.0,唯一候选已通过全部反事实硬门禁，执行确定性选择。,not_called_single_survivor,0,0,0,https://w3id.org/ontology-evolution/insurance-benchmark/survivor-ranked/deterministic/E3/run-004/seed-20260823,,DETERMINISTIC_SELECT,1,false
survivor-E3-run-005,E3,关系对象错误,5,20260824,qwen3.5:9b,counterfactual_survivors,0.2,G:\LearnAI\ontology-evolution\benchmark\repairs\surviving-candidates.json,G:\LearnAI\ontology-evolution\benchmark\mutants\E3_wrong_relation_target.owl,CAND_001,替换属性：产品A—由公司承保，癌症 → 保险公司甲,G:\LearnAI\ontology-evolution\benchmark\repairs\qwen-ranked-survivors\E3\run-005\selection.json,G:\LearnAI\ontology-evolution\benchmark\repairs\qwen-ranked-survivors\E3\run-005\raw-response.txt,G:\LearnAI\ontology-evolution\benchmark\repairs\qwen-ranked-survivors\E3\run-005\candidate.owl,"[{""operator"": ""REPLACE_PROPERTY_VALUE"", ""subject_iri"": ""file:///G:/LearnAI/ontology-1#产品A"", ""predicate_iri"": ""file:///G:/LearnAI/ontology-1#由公司承保"", ""old_value"": {""kind"": ""iri"", ""iri"": ""file:///G:/LearnAI/ontology-1#癌症""}, ""new_value"": {""kind"": ""iri"", ""iri"": ""file:///G:/LearnAI/ontology-1#保险公司甲""}}]",1,REPLACE_PROPERTY_VALUE,false,true,true,true,true,true,1.0,唯一候选已通过全部反事实硬门禁，执行确定性选择。,not_called_single_survivor,0,0,0,https://w3id.org/ontology-evolution/insurance-benchmark/survivor-ranked/deterministic/E3/run-005/seed-20260824,,DETERMINISTIC_SELECT,1,false
survivor-E4-run-001,E4,互斥类别冲突,1,20260820,qwen3.5:9b,counterfactual_survivors,0.2,G:\LearnAI\ontology-evolution\benchmark\repairs\surviving-candidates.json,G:\LearnAI\ontology-evolution\benchmark\mutants\E4_disjoint_class_conflict.owl,CAND_001,删除类别：产品A rdf:type 财产保险,G:\LearnAI\ontology-evolution\benchmark\repairs\qwen-ranked-survivors\E4\run-001\selection.json,G:\LearnAI\ontology-evolution\benchmark\repairs\qwen-ranked-survivors\E4\run-001\raw-response.txt,G:\LearnAI\ontology-evolution\benchmark\repairs\qwen-ranked-survivors\E4\run-001\candidate.owl,"[{""operator"": ""REMOVE_CLASS_ASSERTION"", ""subject_iri"": ""file:///G:/LearnAI/ontology-1#产品A"", ""class_iri"": ""file:///G:/LearnAI/ontology-1#财产保险""}]",1,REMOVE_CLASS_ASSERTION,false,true,true,true,true,true,1.0,唯一候选已通过全部反事实硬门禁，执行确定性选择。,not_called_single_survivor,0,0,0,https://w3id.org/ontology-evolution/insurance-benchmark/survivor-ranked/deterministic/E4/run-001/seed-20260820,,DETERMINISTIC_SELECT,1,false
survivor-E4-run-002,E4,互斥类别冲突,2,20260821,qwen3.5:9b,counterfactual_survivors,0.2,G:\LearnAI\ontology-evolution\benchmark\repairs\surviving-candidates.json,G:\LearnAI\ontology-evolution\benchmark\mutants\E4_disjoint_class_conflict.owl,CAND_001,删除类别：产品A rdf:type 财产保险,G:\LearnAI\ontology-evolution\benchmark\repairs\qwen-ranked-survivors\E4\run-002\selection.json,G:\LearnAI\ontology-evolution\benchmark\repairs\qwen-ranked-survivors\E4\run-002\raw-response.txt,G:\LearnAI\ontology-evolution\benchmark\repairs\qwen-ranked-survivors\E4\run-002\candidate.owl,"[{""operator"": ""REMOVE_CLASS_ASSERTION"", ""subject_iri"": ""file:///G:/LearnAI/ontology-1#产品A"", ""class_iri"": ""file:///G:/LearnAI/ontology-1#财产保险""}]",1,REMOVE_CLASS_ASSERTION,false,true,true,true,true,true,1.0,唯一候选已通过全部反事实硬门禁，执行确定性选择。,not_called_single_survivor,0,0,0,https://w3id.org/ontology-evolution/insurance-benchmark/survivor-ranked/deterministic/E4/run-002/seed-20260821,,DETERMINISTIC_SELECT,1,false
survivor-E4-run-003,E4,互斥类别冲突,3,20260822,qwen3.5:9b,counterfactual_survivors,0.2,G:\LearnAI\ontology-evolution\benchmark\repairs\surviving-candidates.json,G:\LearnAI\ontology-evolution\benchmark\mutants\E4_disjoint_class_conflict.owl,CAND_001,删除类别：产品A rdf:type 财产保险,G:\LearnAI\ontology-evolution\benchmark\repairs\qwen-ranked-survivors\E4\run-003\selection.json,G:\LearnAI\ontology-evolution\benchmark\repairs\qwen-ranked-survivors\E4\run-003\raw-response.txt,G:\LearnAI\ontology-evolution\benchmark\repairs\qwen-ranked-survivors\E4\run-003\candidate.owl,"[{""operator"": ""REMOVE_CLASS_ASSERTION"", ""subject_iri"": ""file:///G:/LearnAI/ontology-1#产品A"", ""class_iri"": ""file:///G:/LearnAI/ontology-1#财产保险""}]",1,REMOVE_CLASS_ASSERTION,false,true,true,true,true,true,1.0,唯一候选已通过全部反事实硬门禁，执行确定性选择。,not_called_single_survivor,0,0,0,https://w3id.org/ontology-evolution/insurance-benchmark/survivor-ranked/deterministic/E4/run-003/seed-20260822,,DETERMINISTIC_SELECT,1,false
survivor-E4-run-004,E4,互斥类别冲突,4,20260823,qwen3.5:9b,counterfactual_survivors,0.2,G:\LearnAI\ontology-evolution\benchmark\repairs\surviving-candidates.json,G:\LearnAI\ontology-evolution\benchmark\mutants\E4_disjoint_class_conflict.owl,CAND_001,删除类别：产品A rdf:type 财产保险,G:\LearnAI\ontology-evolution\benchmark\repairs\qwen-ranked-survivors\E4\run-004\selection.json,G:\LearnAI\ontology-evolution\benchmark\repairs\qwen-ranked-survivors\E4\run-004\raw-response.txt,G:\LearnAI\ontology-evolution\benchmark\repairs\qwen-ranked-survivors\E4\run-004\candidate.owl,"[{""operator"": ""REMOVE_CLASS_ASSERTION"", ""subject_iri"": ""file:///G:/LearnAI/ontology-1#产品A"", ""class_iri"": ""file:///G:/LearnAI/ontology-1#财产保险""}]",1,REMOVE_CLASS_ASSERTION,false,true,true,true,true,true,1.0,唯一候选已通过全部反事实硬门禁，执行确定性选择。,not_called_single_survivor,0,0,0,https://w3id.org/ontology-evolution/insurance-benchmark/survivor-ranked/deterministic/E4/run-004/seed-20260823,,DETERMINISTIC_SELECT,1,false
survivor-E4-run-005,E4,互斥类别冲突,5,20260824,qwen3.5:9b,counterfactual_survivors,0.2,G:\LearnAI\ontology-evolution\benchmark\repairs\surviving-candidates.json,G:\LearnAI\ontology-evolution\benchmark\mutants\E4_disjoint_class_conflict.owl,CAND_001,删除类别：产品A rdf:type 财产保险,G:\LearnAI\ontology-evolution\benchmark\repairs\qwen-ranked-survivors\E4\run-005\selection.json,G:\LearnAI\ontology-evolution\benchmark\repairs\qwen-ranked-survivors\E4\run-005\raw-response.txt,G:\LearnAI\ontology-evolution\benchmark\repairs\qwen-ranked-survivors\E4\run-005\candidate.owl,"[{""operator"": ""REMOVE_CLASS_ASSERTION"", ""subject_iri"": ""file:///G:/LearnAI/ontology-1#产品A"", ""class_iri"": ""file:///G:/LearnAI/ontology-1#财产保险""}]",1,REMOVE_CLASS_ASSERTION,false,true,true,true,true,true,1.0,唯一候选已通过全部反事实硬门禁，执行确定性选择。,not_called_single_survivor,0,0,0,https://w3id.org/ontology-evolution/insurance-benchmark/survivor-ranked/deterministic/E4/run-005/seed-20260824,,DETERMINISTIC_SELECT,1,false
survivor-E5-run-001,E5,功能属性值冲突,1,20260820,qwen3.5:9b,counterfactual_survivors,0.2,G:\LearnAI\ontology-evolution\benchmark\repairs\surviving-candidates.json,G:\LearnAI\ontology-evolution\benchmark\mutants\E5_conflicting_functional_value.owl,CAND_003,删除属性：产品A—最高投保年龄—70,G:\LearnAI\ontology-evolution\benchmark\repairs\qwen-ranked-survivors\E5\run-001\selection.json,G:\LearnAI\ontology-evolution\benchmark\repairs\qwen-ranked-survivors\E5\run-001\raw-response.txt,G:\LearnAI\ontology-evolution\benchmark\repairs\qwen-ranked-survivors\E5\run-001\candidate.owl,"[{""operator"": ""REMOVE_PROPERTY_VALUE"", ""subject_iri"": ""file:///G:/LearnAI/ontology-1#产品A"", ""predicate_iri"": ""file:///G:/LearnAI/ontology-1#最高投保年龄"", ""old_value"": {""kind"": ""literal"", ""lexical"": ""70"", ""datatype"": ""http://www.w3.org/2001/XMLSchema#integer""}}]",1,REMOVE_PROPERTY_VALUE,false,true,true,true,true,true,0.95,"CAND_003 (REMOVE_PROPERTY_VALUE) is semantically superior to CAND_001 (REPLACE_PROPERTY_VALUE). The evidence explicitly states the valid range is 'not exceeding 65', making the value '70' an invalid entry that must be removed rather than replaced. Removing the invalid triple preserves the integrity of the data model without altering the correct existing value ('65'), whereas replacing it implies a change in policy or data origin which is less accurate given the evidence text.",plain_json_nothink,4192,1179,136,https://w3id.org/ontology-evolution/insurance-benchmark/survivor-ranked/qwen/E5/run-001/seed-20260820,,QWEN_RANK,2,true
survivor-E5-run-002,E5,功能属性值冲突,2,20260821,qwen3.5:9b,counterfactual_survivors,0.2,G:\LearnAI\ontology-evolution\benchmark\repairs\surviving-candidates.json,G:\LearnAI\ontology-evolution\benchmark\mutants\E5_conflicting_functional_value.owl,CAND_003,删除属性：产品A—最高投保年龄—70,G:\LearnAI\ontology-evolution\benchmark\repairs\qwen-ranked-survivors\E5\run-002\selection.json,G:\LearnAI\ontology-evolution\benchmark\repairs\qwen-ranked-survivors\E5\run-002\raw-response.txt,G:\LearnAI\ontology-evolution\benchmark\repairs\qwen-ranked-survivors\E5\run-002\candidate.owl,"[{""operator"": ""REMOVE_PROPERTY_VALUE"", ""subject_iri"": ""file:///G:/LearnAI/ontology-1#产品A"", ""predicate_iri"": ""file:///G:/LearnAI/ontology-1#最高投保年龄"", ""old_value"": {""kind"": ""literal"", ""lexical"": ""70"", ""datatype"": ""http://www.w3.org/2001/XMLSchema#integer""}}]",1,REMOVE_PROPERTY_VALUE,false,true,true,true,true,true,0.95,CAND_003 (删除冲突值) 优于 CAND_001 (替换)。证据 EVID_014 明确陈述上限为 65，而当前数据同时存在 65 和 70。直接删除无效的 70 比将其替换为 65 更能保留原始数据的完整性（假设 70 是误录入而非错误覆盖），且两者修改代价相同，但删除操作在语义上更准确地反映了‘移除错误信息’而非‘强制修正’。,plain_json_nothink,4231,1179,145,https://w3id.org/ontology-evolution/insurance-benchmark/survivor-ranked/qwen/E5/run-002/seed-20260821,,QWEN_RANK,2,true
survivor-E5-run-003,E5,功能属性值冲突,3,20260822,qwen3.5:9b,counterfactual_survivors,0.2,G:\LearnAI\ontology-evolution\benchmark\repairs\surviving-candidates.json,G:\LearnAI\ontology-evolution\benchmark\mutants\E5_conflicting_functional_value.owl,CAND_003,删除属性：产品A—最高投保年龄—70,G:\LearnAI\ontology-evolution\benchmark\repairs\qwen-ranked-survivors\E5\run-003\selection.json,G:\LearnAI\ontology-evolution\benchmark\repairs\qwen-ranked-survivors\E5\run-003\raw-response.txt,G:\LearnAI\ontology-evolution\benchmark\repairs\qwen-ranked-survivors\E5\run-003\candidate.owl,"[{""operator"": ""REMOVE_PROPERTY_VALUE"", ""subject_iri"": ""file:///G:/LearnAI/ontology-1#产品A"", ""predicate_iri"": ""file:///G:/LearnAI/ontology-1#最高投保年龄"", ""old_value"": {""kind"": ""literal"", ""lexical"": ""70"", ""datatype"": ""http://www.w3.org/2001/XMLSchema#integer""}}]",1,REMOVE_PROPERTY_VALUE,false,true,true,true,true,true,0.95,CAND_003 (删除冲突值) 比 CAND_001 (替换) 更优，因为它保留了原始数据中的两个事实（65 和 70），仅移除被证据明确证伪的 70。替换操作会错误地假设 70 从未存在过或应被覆盖，而删除操作更符合‘最小修改’原则，仅修正冲突部分而不篡改其他潜在有效信息。,plain_json_nothink,3143,1179,127,https://w3id.org/ontology-evolution/insurance-benchmark/survivor-ranked/qwen/E5/run-003/seed-20260822,,QWEN_RANK,2,true
survivor-E5-run-004,E5,功能属性值冲突,4,20260823,qwen3.5:9b,counterfactual_survivors,0.2,G:\LearnAI\ontology-evolution\benchmark\repairs\surviving-candidates.json,G:\LearnAI\ontology-evolution\benchmark\mutants\E5_conflicting_functional_value.owl,CAND_003,删除属性：产品A—最高投保年龄—70,G:\LearnAI\ontology-evolution\benchmark\repairs\qwen-ranked-survivors\E5\run-004\selection.json,G:\LearnAI\ontology-evolution\benchmark\repairs\qwen-ranked-survivors\E5\run-004\raw-response.txt,G:\LearnAI\ontology-evolution\benchmark\repairs\qwen-ranked-survivors\E5\run-004\candidate.owl,"[{""operator"": ""REMOVE_PROPERTY_VALUE"", ""subject_iri"": ""file:///G:/LearnAI/ontology-1#产品A"", ""predicate_iri"": ""file:///G:/LearnAI/ontology-1#最高投保年龄"", ""old_value"": {""kind"": ""literal"", ""lexical"": ""70"", ""datatype"": ""http://www.w3.org/2001/XMLSchema#integer""}}]",1,REMOVE_PROPERTY_VALUE,false,true,true,true,true,true,0.95,CAND_003 (REMOVE_PROPERTY_VALUE) 比 CAND_001 (REPLACE_PROPERTY_VALUE) 更优，因为它仅删除冲突的无效值'70'，而保留原始数据中已验证有效的'65'。相比之下，CAND_001 会修改现有有效记录的值，违反了最小修改原则并引入了不必要的数据变更风险。,plain_json_nothink,2952,1179,115,https://w3id.org/ontology-evolution/insurance-benchmark/survivor-ranked/qwen/E5/run-004/seed-20260823,,QWEN_RANK,2,true
survivor-E5-run-005,E5,功能属性值冲突,5,20260824,qwen3.5:9b,counterfactual_survivors,0.2,G:\LearnAI\ontology-evolution\benchmark\repairs\surviving-candidates.json,G:\LearnAI\ontology-evolution\benchmark\mutants\E5_conflicting_functional_value.owl,CAND_003,删除属性：产品A—最高投保年龄—70,G:\LearnAI\ontology-evolution\benchmark\repairs\qwen-ranked-survivors\E5\run-005\selection.json,G:\LearnAI\ontology-evolution\benchmark\repairs\qwen-ranked-survivors\E5\run-005\raw-response.txt,G:\LearnAI\ontology-evolution\benchmark\repairs\qwen-ranked-survivors\E5\run-005\candidate.owl,"[{""operator"": ""REMOVE_PROPERTY_VALUE"", ""subject_iri"": ""file:///G:/LearnAI/ontology-1#产品A"", ""predicate_iri"": ""file:///G:/LearnAI/ontology-1#最高投保年龄"", ""old_value"": {""kind"": ""literal"", ""lexical"": ""70"", ""datatype"": ""http://www.w3.org/2001/XMLSchema#integer""}}]",1,REMOVE_PROPERTY_VALUE,false,true,true,true,true,true,0.95,"CAND_003 (REMOVE_PROPERTY_VALUE) is semantically more precise than CAND_001 (REPLACE_PROPERTY_VALUE). The evidence explicitly states the age limit is 'not exceeding 65', implying that a value of '70' is an erroneous addition rather than a valid alternative to be replaced. Removing the conflicting triple directly aligns with the textual constraint without altering the existing correct value, making it the minimal and most accurate edit.",plain_json_nothink,3151,1179,127,https://w3id.org/ontology-evolution/insurance-benchmark/survivor-ranked/qwen/E5/run-005/seed-20260824,,QWEN_RANK,2,true
