event_id,semantic_type,domain,attempts,selected,abstains,oracle_accuracy,full_closure_accuracy,strict_event_success
EXT_E001,TEMPORAL_VERSION,insurance,3,0,3,0.0,0.0,False
EXT_E002,CROSS_SENTENCE_SCOPE,insurance,3,0,3,0.0,0.0,False
EXT_E003,GENERAL_RULE_EXCEPTION,insurance,3,0,3,0.0,0.0,False
EXT_E004,TEMPORAL_VERSION,web_accessibility,3,3,0,1.0,1.0,True
EXT_E005,TEMPORAL_VERSION,web_accessibility,3,3,0,1.0,1.0,True
EXT_E006,TEMPORAL_VERSION,web_accessibility,3,3,0,1.0,1.0,True
EXT_E007,TEMPORAL_VERSION,web_accessibility,3,3,0,1.0,1.0,True
EXT_E008,TEMPORAL_VERSION,web_accessibility,3,3,0,1.0,1.0,True
EXT_E009,TEMPORAL_VERSION,web_accessibility,3,3,0,1.0,1.0,True
EXT_E010,TEMPORAL_VERSION,web_accessibility,3,3,0,1.0,1.0,True
EXT_E011,TEMPORAL_VERSION,web_accessibility,3,3,0,0.0,0.0,False
EXT_E012,TEMPORAL_VERSION,web_accessibility,3,3,0,1.0,1.0,True
EXT_E013,CROSS_SENTENCE_SCOPE,web_accessibility,3,3,0,1.0,1.0,True
EXT_E014,CROSS_SENTENCE_SCOPE,web_accessibility,3,3,0,1.0,1.0,True
EXT_E015,CROSS_SENTENCE_SCOPE,web_accessibility,3,3,0,1.0,1.0,True
EXT_E016,CROSS_SENTENCE_SCOPE,web_accessibility,3,3,0,1.0,1.0,True
EXT_E017,CROSS_SENTENCE_SCOPE,web_accessibility,3,3,0,1.0,1.0,True
EXT_E018,CROSS_SENTENCE_SCOPE,web_accessibility,3,1,2,0.0,0.0,False
EXT_E019,CROSS_SENTENCE_SCOPE,web_accessibility,3,3,0,1.0,1.0,True
EXT_E020,CROSS_SENTENCE_SCOPE,web_accessibility,3,3,0,0.0,0.0,False
EXT_E021,CROSS_SENTENCE_SCOPE,web_accessibility,3,3,0,0.0,0.0,False
EXT_E022,GENERAL_RULE_EXCEPTION,web_accessibility,3,3,0,1.0,1.0,True
EXT_E023,GENERAL_RULE_EXCEPTION,web_accessibility,3,3,0,1.0,1.0,True
EXT_E024,GENERAL_RULE_EXCEPTION,web_accessibility,3,3,0,1.0,1.0,True
EXT_E025,GENERAL_RULE_EXCEPTION,digital_identity,3,3,0,1.0,1.0,True
EXT_E026,GENERAL_RULE_EXCEPTION,digital_identity,3,0,3,0.0,0.0,False
EXT_E027,GENERAL_RULE_EXCEPTION,digital_identity,3,3,0,1.0,1.0,True
EXT_E028,GENERAL_RULE_EXCEPTION,digital_identity,3,0,3,0.0,0.0,False
EXT_E029,GENERAL_RULE_EXCEPTION,digital_identity,3,3,0,1.0,1.0,True
EXT_E030,GENERAL_RULE_EXCEPTION,digital_identity,3,3,0,1.0,1.0,True
EXT_E031,TEMPORAL_VERSION,web_accessibility,3,1,2,0.3333333333333333,0.3333333333333333,False
EXT_E032,GENERAL_RULE_EXCEPTION,web_accessibility,3,0,3,0.0,0.0,False
EXT_E033,CROSS_SENTENCE_SCOPE,web_accessibility,3,0,3,0.0,0.0,False
EXT_E034,TEMPORAL_VERSION,web_accessibility,3,3,0,1.0,1.0,True
EXT_E035,GENERAL_RULE_EXCEPTION,web_accessibility,3,2,1,0.0,0.0,False
EXT_E036,CROSS_SENTENCE_SCOPE,web_accessibility,3,0,3,0.0,0.0,False
EXT_E037,TEMPORAL_VERSION,web_accessibility,3,1,2,0.3333333333333333,0.3333333333333333,False
EXT_E038,GENERAL_RULE_EXCEPTION,web_accessibility,3,3,0,1.0,1.0,True
EXT_E039,CROSS_SENTENCE_SCOPE,web_accessibility,3,0,3,0.0,0.0,False
EXT_E040,CROSS_SENTENCE_SCOPE,web_accessibility,3,0,3,0.0,0.0,False
EXT_E041,GENERAL_RULE_EXCEPTION,web_accessibility,3,0,3,0.0,0.0,False
EXT_E042,GENERAL_RULE_EXCEPTION,web_accessibility,3,0,3,0.0,0.0,False
EXT_E043,TEMPORAL_VERSION,digital_identity,3,0,3,0.0,0.0,False
EXT_E044,TEMPORAL_VERSION,digital_identity,3,2,1,0.6666666666666666,0.6666666666666666,False
EXT_E045,GENERAL_RULE_EXCEPTION,digital_identity,3,0,3,0.0,0.0,False
EXT_E046,GENERAL_RULE_EXCEPTION,digital_identity,3,0,3,0.0,0.0,False
EXT_E047,CROSS_SENTENCE_SCOPE,digital_identity,3,0,3,0.0,0.0,False
EXT_E048,GENERAL_RULE_EXCEPTION,digital_identity,3,0,3,0.0,0.0,False
EXT_E050,CROSS_SENTENCE_SCOPE,digital_identity,3,0,3,0.0,0.0,False
EXT_E051,CROSS_SENTENCE_SCOPE,digital_identity,3,0,3,0.0,0.0,False
EXT_E052,GENERAL_RULE_EXCEPTION,digital_identity,3,0,3,0.0,0.0,False
EXT_E053,CROSS_SENTENCE_SCOPE,digital_identity,3,0,3,0.0,0.0,False
EXT_E054,GENERAL_RULE_EXCEPTION,digital_identity,3,0,3,0.0,0.0,False
EXT_E055,GENERAL_RULE_EXCEPTION,digital_identity,3,0,3,0.0,0.0,False
EXT_E057,TEMPORAL_VERSION,eu_regulation,3,0,3,0.0,0.0,False
EXT_E058,GENERAL_RULE_EXCEPTION,eu_regulation,3,0,3,0.0,0.0,False
EXT_E059,CROSS_SENTENCE_SCOPE,eu_regulation,3,0,3,0.0,0.0,False
EXT_E060,TEMPORAL_VERSION,eu_regulation,3,0,3,0.0,0.0,False
EXT_E061,GENERAL_RULE_EXCEPTION,eu_regulation,3,0,3,0.0,0.0,False
EXT_E062,CROSS_SENTENCE_SCOPE,eu_regulation,3,0,3,0.0,0.0,False
EXT_E063,TEMPORAL_VERSION,us_regulation,3,1,2,0.3333333333333333,0.3333333333333333,False
EXT_E064,CROSS_SENTENCE_SCOPE,us_regulation,3,0,3,0.0,0.0,False
EXT_E065,GENERAL_RULE_EXCEPTION,us_regulation,3,0,3,0.0,0.0,False
EXT_E066,TEMPORAL_VERSION,us_regulation,3,0,3,0.0,0.0,False
EXT_E067,CROSS_SENTENCE_SCOPE,us_regulation,3,0,3,0.0,0.0,False
EXT_E068,GENERAL_RULE_EXCEPTION,us_regulation,3,0,3,0.0,0.0,False
EXT_E069,TEMPORAL_VERSION,insurance,3,0,3,0.0,0.0,False
EXT_E070,TEMPORAL_VERSION,insurance,3,0,3,0.0,0.0,False
EXT_E071,TEMPORAL_VERSION,insurance,3,0,3,0.0,0.0,False
EXT_E072,TEMPORAL_VERSION,insurance,3,0,3,0.0,0.0,False
EXT_E073,TEMPORAL_VERSION,insurance,3,0,3,0.0,0.0,False
EXT_E074,TEMPORAL_VERSION,insurance,3,0,3,0.0,0.0,False
EXT_E075,TEMPORAL_VERSION,insurance,3,0,3,0.0,0.0,False
EXT_E076,TEMPORAL_VERSION,insurance,3,0,3,0.0,0.0,False
EXT_E077,TEMPORAL_VERSION,insurance,3,0,3,0.0,0.0,False
EXT_E078,TEMPORAL_VERSION,insurance,3,0,3,0.0,0.0,False
EXT_E079,TEMPORAL_VERSION,insurance,3,0,3,0.0,0.0,False
EXT_E080,TEMPORAL_VERSION,insurance,3,0,3,0.0,0.0,False
EXT_E081,TEMPORAL_VERSION,insurance,3,0,3,0.0,0.0,False
EXT_E082,TEMPORAL_VERSION,insurance,3,0,3,0.0,0.0,False
EXT_E083,TEMPORAL_VERSION,insurance,3,0,3,0.0,0.0,False
EXT_E084,TEMPORAL_VERSION,insurance,3,0,3,0.0,0.0,False
EXT_E085,TEMPORAL_VERSION,insurance,3,0,3,0.0,0.0,False
EXT_E086,TEMPORAL_VERSION,eu_regulation,3,3,0,1.0,1.0,True
EXT_E087,TEMPORAL_VERSION,eu_regulation,3,2,1,0.6666666666666666,0.6666666666666666,False
EXT_E088,TEMPORAL_VERSION,eu_regulation,3,3,0,1.0,1.0,True
EXT_E089,TEMPORAL_VERSION,eu_regulation,3,3,0,1.0,1.0,True
EXT_E090,TEMPORAL_VERSION,eu_regulation,3,2,1,0.6666666666666666,0.6666666666666666,False
EXT_E091,TEMPORAL_VERSION,eu_regulation,3,3,0,1.0,1.0,True
EXT_E092,TEMPORAL_VERSION,eu_regulation,3,3,0,1.0,1.0,True
EXT_E093,TEMPORAL_VERSION,eu_regulation,3,3,0,1.0,1.0,True
EXT_E094,TEMPORAL_VERSION,eu_regulation,3,3,0,1.0,1.0,True
EXT_E095,TEMPORAL_VERSION,eu_regulation,3,3,0,1.0,1.0,True
EXT_E096,TEMPORAL_VERSION,eu_regulation,3,3,0,1.0,1.0,True
EXT_E097,TEMPORAL_VERSION,eu_regulation,3,3,0,1.0,1.0,True
EXT_E098,TEMPORAL_VERSION,eu_regulation,3,3,0,1.0,1.0,True
EXT_E099,TEMPORAL_VERSION,eu_regulation,3,3,0,1.0,1.0,True
EXT_E100,TEMPORAL_VERSION,us_regulation,3,3,0,1.0,1.0,True
EXT_E101,TEMPORAL_VERSION,us_regulation,3,2,1,0.6666666666666666,0.6666666666666666,False
EXT_E102,TEMPORAL_VERSION,us_regulation,3,3,0,1.0,1.0,True
EXT_E103,TEMPORAL_VERSION,us_regulation,3,3,0,1.0,1.0,True
EXT_E104,TEMPORAL_VERSION,us_regulation,3,3,0,1.0,1.0,True
EXT_E105,TEMPORAL_VERSION,us_regulation,3,3,0,1.0,1.0,True
EXT_E106,TEMPORAL_VERSION,us_regulation,3,2,1,0.6666666666666666,0.6666666666666666,False
EXT_E107,TEMPORAL_VERSION,us_regulation,3,2,1,0.6666666666666666,0.6666666666666666,False
EXT_E108,TEMPORAL_VERSION,us_regulation,3,3,0,1.0,1.0,True
EXT_E109,TEMPORAL_VERSION,us_regulation,3,0,3,0.0,0.0,False
EXT_E110,TEMPORAL_VERSION,us_regulation,3,1,2,0.3333333333333333,0.3333333333333333,False
EXT_E111,TEMPORAL_VERSION,us_regulation,3,3,0,1.0,1.0,True
EXT_E112,TEMPORAL_VERSION,us_regulation,3,3,0,1.0,1.0,True
EXT_E113,TEMPORAL_VERSION,us_regulation,3,2,1,0.6666666666666666,0.6666666666666666,False
EXT_E114,TEMPORAL_VERSION,cybersecurity_controls,3,3,0,1.0,1.0,True
EXT_E115,TEMPORAL_VERSION,cybersecurity_controls,3,3,0,1.0,1.0,True
EXT_E116,TEMPORAL_VERSION,cybersecurity_controls,3,3,0,1.0,1.0,True
EXT_E117,TEMPORAL_VERSION,cybersecurity_controls,3,3,0,1.0,1.0,True
EXT_E118,TEMPORAL_VERSION,cybersecurity_controls,3,3,0,1.0,1.0,True
EXT_E119,GENERAL_RULE_EXCEPTION,cybersecurity_controls,3,0,3,0.0,0.0,False
EXT_E120,GENERAL_RULE_EXCEPTION,cybersecurity_controls,3,2,1,0.6666666666666666,0.6666666666666666,False
EXT_E121,GENERAL_RULE_EXCEPTION,cybersecurity_controls,3,2,1,0.6666666666666666,0.6666666666666666,False
EXT_E122,GENERAL_RULE_EXCEPTION,cybersecurity_controls,3,3,0,1.0,1.0,True
EXT_E123,GENERAL_RULE_EXCEPTION,cybersecurity_controls,3,0,3,0.0,0.0,False
EXT_E124,GENERAL_RULE_EXCEPTION,cybersecurity_controls,3,3,0,1.0,1.0,True
EXT_E125,GENERAL_RULE_EXCEPTION,cybersecurity_controls,3,3,0,1.0,1.0,True
EXT_E126,GENERAL_RULE_EXCEPTION,cybersecurity_controls,3,0,3,0.0,0.0,False
EXT_E127,GENERAL_RULE_EXCEPTION,cybersecurity_controls,3,2,1,0.6666666666666666,0.6666666666666666,False
EXT_E128,GENERAL_RULE_EXCEPTION,cybersecurity_controls,3,3,0,1.0,1.0,True
EXT_E129,GENERAL_RULE_EXCEPTION,cybersecurity_controls,3,2,1,0.6666666666666666,0.6666666666666666,False
EXT_E130,GENERAL_RULE_EXCEPTION,cybersecurity_controls,3,3,0,1.0,1.0,True
EXT_E131,GENERAL_RULE_EXCEPTION,cybersecurity_controls,3,3,0,1.0,1.0,True
EXT_E132,GENERAL_RULE_EXCEPTION,cybersecurity_controls,3,3,0,1.0,1.0,True
EXT_E133,GENERAL_RULE_EXCEPTION,cybersecurity_controls,3,0,3,0.0,0.0,False
EXT_E134,GENERAL_RULE_EXCEPTION,privacy_framework,3,2,1,0.6666666666666666,0.6666666666666666,False
EXT_E136,GENERAL_RULE_EXCEPTION,privacy_framework,3,0,3,0.0,0.0,False
EXT_E137,GENERAL_RULE_EXCEPTION,privacy_framework,3,3,0,1.0,1.0,True
EXT_E139,GENERAL_RULE_EXCEPTION,privacy_framework,3,0,3,0.0,0.0,False
EXT_E140,GENERAL_RULE_EXCEPTION,privacy_framework,3,1,2,0.3333333333333333,0.3333333333333333,False
EXT_E141,GENERAL_RULE_EXCEPTION,privacy_framework,3,0,3,0.0,0.0,False
EXT_E142,GENERAL_RULE_EXCEPTION,privacy_framework,3,1,2,0.3333333333333333,0.3333333333333333,False
EXT_E144,GENERAL_RULE_EXCEPTION,privacy_framework,3,0,3,0.0,0.0,False
EXT_E145,GENERAL_RULE_EXCEPTION,privacy_framework,3,1,2,0.3333333333333333,0.3333333333333333,False
EXT_E146,GENERAL_RULE_EXCEPTION,privacy_framework,3,1,2,0.3333333333333333,0.3333333333333333,False
EXT_E147,GENERAL_RULE_EXCEPTION,privacy_framework,3,3,0,1.0,1.0,True
EXT_E148,GENERAL_RULE_EXCEPTION,privacy_framework,3,3,0,1.0,1.0,True
EXT_E149,GENERAL_RULE_EXCEPTION,privacy_framework,3,1,2,0.3333333333333333,0.3333333333333333,False
EXT_E153,GENERAL_RULE_EXCEPTION,privacy_framework,3,0,3,0.0,0.0,False
EXT_E154,GENERAL_RULE_EXCEPTION,ai_regulation,3,3,0,1.0,1.0,True
EXT_E155,GENERAL_RULE_EXCEPTION,ai_regulation,3,1,2,0.3333333333333333,0.3333333333333333,False
EXT_E156,GENERAL_RULE_EXCEPTION,ai_regulation,3,0,3,0.0,0.0,False
EXT_E157,GENERAL_RULE_EXCEPTION,ai_regulation,3,3,0,1.0,1.0,True
EXT_E160,GENERAL_RULE_EXCEPTION,ai_regulation,3,3,0,1.0,1.0,True
EXT_E161,GENERAL_RULE_EXCEPTION,ai_regulation,3,3,0,1.0,1.0,True
EXT_E162,GENERAL_RULE_EXCEPTION,ai_regulation,3,3,0,1.0,1.0,True
EXT_E163,GENERAL_RULE_EXCEPTION,ai_regulation,3,3,0,1.0,1.0,True
EXT_E164,GENERAL_RULE_EXCEPTION,ai_regulation,3,3,0,1.0,1.0,True
EXT_E165,CROSS_SENTENCE_SCOPE,ai_regulation,3,0,3,0.0,0.0,False
EXT_E166,CROSS_SENTENCE_SCOPE,ai_regulation,3,2,1,0.6666666666666666,0.6666666666666666,False
EXT_E167,CROSS_SENTENCE_SCOPE,ai_regulation,3,1,2,0.3333333333333333,0.3333333333333333,False
EXT_E168,CROSS_SENTENCE_SCOPE,ai_regulation,3,2,1,0.6666666666666666,0.6666666666666666,False
EXT_E169,CROSS_SENTENCE_SCOPE,ai_regulation,3,0,3,0.0,0.0,False
EXT_E170,CROSS_SENTENCE_SCOPE,ai_regulation,3,0,3,0.0,0.0,False
EXT_E171,CROSS_SENTENCE_SCOPE,ai_regulation,3,0,3,0.0,0.0,False
EXT_E172,CROSS_SENTENCE_SCOPE,ai_regulation,3,0,3,0.0,0.0,False
EXT_E173,CROSS_SENTENCE_SCOPE,ai_regulation,3,2,1,0.6666666666666666,0.6666666666666666,False
EXT_E174,CROSS_SENTENCE_SCOPE,medical_device_cybersecurity,3,0,3,0.0,0.0,False
EXT_E175,CROSS_SENTENCE_SCOPE,medical_device_cybersecurity,3,1,2,0.3333333333333333,0.3333333333333333,False
EXT_E176,CROSS_SENTENCE_SCOPE,medical_device_cybersecurity,3,3,0,1.0,1.0,True
EXT_E177,CROSS_SENTENCE_SCOPE,medical_device_cybersecurity,3,0,3,0.0,0.0,False
EXT_E178,CROSS_SENTENCE_SCOPE,medical_device_cybersecurity,3,2,1,0.6666666666666666,0.6666666666666666,False
EXT_E179,CROSS_SENTENCE_SCOPE,medical_device_cybersecurity,3,3,0,1.0,1.0,True
EXT_E180,CROSS_SENTENCE_SCOPE,medical_device_cybersecurity,3,3,0,1.0,1.0,True
EXT_E181,CROSS_SENTENCE_SCOPE,medical_device_cybersecurity,3,0,3,0.0,0.0,False
EXT_E183,CROSS_SENTENCE_SCOPE,medical_device_cybersecurity,3,3,0,1.0,1.0,True
EXT_E184,CROSS_SENTENCE_SCOPE,medical_device_cybersecurity,3,3,0,1.0,1.0,True
EXT_E185,CROSS_SENTENCE_SCOPE,medical_device_cybersecurity,3,2,1,0.6666666666666666,0.6666666666666666,False
EXT_E186,CROSS_SENTENCE_SCOPE,medical_device_cybersecurity,3,0,3,0.0,0.0,False
EXT_E187,CROSS_SENTENCE_SCOPE,medical_device_cybersecurity,3,3,0,1.0,1.0,True
EXT_E188,CROSS_SENTENCE_SCOPE,medical_device_cybersecurity,3,3,0,1.0,1.0,True
EXT_E189,CROSS_SENTENCE_SCOPE,medical_device_cybersecurity,3,0,3,0.0,0.0,False
EXT_E190,CROSS_SENTENCE_SCOPE,medical_device_cybersecurity,3,0,3,0.0,0.0,False
EXT_E191,CROSS_SENTENCE_SCOPE,medical_device_cybersecurity,3,0,3,0.0,0.0,False
EXT_E192,CROSS_SENTENCE_SCOPE,medical_device_cybersecurity,3,0,3,0.0,0.0,False
EXT_E193,CROSS_SENTENCE_SCOPE,medical_device_cybersecurity,3,0,3,0.0,0.0,False
EXT_E195,CROSS_SENTENCE_SCOPE,sustainability_reporting,3,0,3,0.0,0.0,False
EXT_E196,CROSS_SENTENCE_SCOPE,sustainability_reporting,3,3,0,1.0,1.0,True
EXT_E197,CROSS_SENTENCE_SCOPE,sustainability_reporting,3,0,3,0.0,0.0,False
EXT_E198,CROSS_SENTENCE_SCOPE,sustainability_reporting,3,0,3,0.0,0.0,False
EXT_E199,CROSS_SENTENCE_SCOPE,sustainability_reporting,3,0,3,0.0,0.0,False
EXT_E200,CROSS_SENTENCE_SCOPE,sustainability_reporting,3,1,2,0.3333333333333333,0.3333333333333333,False
EXT_E201,CROSS_SENTENCE_SCOPE,sustainability_reporting,3,0,3,0.0,0.0,False
EXT_E202,CROSS_SENTENCE_SCOPE,sustainability_reporting,3,0,3,0.0,0.0,False
EXT_E203,CROSS_SENTENCE_SCOPE,sustainability_reporting,3,0,3,0.0,0.0,False
EXT_E205,CROSS_SENTENCE_SCOPE,sustainability_reporting,3,0,3,0.0,0.0,False
EXT_E206,CROSS_SENTENCE_SCOPE,sustainability_reporting,3,3,0,1.0,1.0,True
EXT_E207,CROSS_SENTENCE_SCOPE,sustainability_reporting,3,2,1,0.6666666666666666,0.6666666666666666,False
EXT_E208,CROSS_SENTENCE_SCOPE,sustainability_reporting,3,1,2,0.3333333333333333,0.3333333333333333,False
EXT_E209,CROSS_SENTENCE_SCOPE,sustainability_reporting,3,3,0,1.0,1.0,True
EXT_E210,CROSS_SENTENCE_SCOPE,sustainability_reporting,3,1,2,0.3333333333333333,0.3333333333333333,False
EXT_E211,CROSS_SENTENCE_SCOPE,sustainability_reporting,3,0,3,0.0,0.0,False
EXT_E212,CROSS_SENTENCE_SCOPE,sustainability_reporting,3,3,0,1.0,1.0,True
EXT_E213,CROSS_SENTENCE_SCOPE,sustainability_reporting,3,1,2,0.3333333333333333,0.3333333333333333,False
